"projectID","deviceID","tsStart","tsEnd"
1,0,NA,NA
1,0,NA,NA
1,0,NA,NA
1,0,NA,NA
1,0,NA,NA
1,0,1652745600,1676587900
1,0,1654092800,NA
1,0,1735689600,NA
1,0,1765227600,1770858200
1,0,1775508400,NA
1,0,1777593600,NA
1,0,1777593600,NA
1,0,1777593600,NA
1,0,1777593600,NA
1,0,1779048000,NA
1,0,1779476400,NA
1,0,1779753600,NA
1,0,1782345600,NA
1,0,1786627800,NA
1,11,1432252800,1463616000
1,11,1465070300,1589634000
1,11,1602720000,1619395200
1,13,1528329600,1575320400
1,13,1575325800,1596499200
1,13,1596502800,1619568000
1,13,1620432000,1629354500
1,13,1646410900,1666363300
1,15,1499675400,1539216000
1,15,1541462400,1619971200
1,27,1435795200,1709911200
1,29,1596499200,1636384500
1,29,1665104400,1690739500
1,52,1437609600,1437955200
1,52,1437955200,1438128000
1,52,1438128000,1447027200
1,52,1460151900,1584057600
1,52,1593010200,1618444800
1,53,1499418000,1529971200
1,53,1530921600,1547078400
1,53,1620432000,1714065300
1,73,1431302400,1481068800
1,73,1489763800,1521072000
1,84,1472428800,1492214400
1,84,1496188800,1510099200
1,84,1510099200,1523223000
1,84,1523223000,1563408000
1,88,1431302400,1482264000
1,88,1482264000,1492964100
1,89,1432252800,1649943000
1,91,1472058900,1494460800
1,91,1494460800,1510099200
1,91,1510099200,1523027500
1,91,1523289600,1552262400
1,91,1571702400,1596672000
1,96,1471991400,1481673600
1,96,1481673600,1495584000
1,103,NA,NA
1,105,NA,NA
1,106,1438128000,1449014400
1,106,1450310400,1713879800
1,109,1493024400,1499439600
1,109,1499439600,1499898600
1,109,1499963400,1531170600
1,109,1573084800,NA
1,122,1472161200,1473415200
1,122,1473455400,1482174000
1,122,1482174000,1490227200
1,122,1490313600,1493042400
1,122,1493042400,1497830400
1,122,1497830400,1551916800
1,122,1600819200,1603756800
1,122,1603756800,1626739200
1,127,1430956800,1433770200
1,128,1596067200,1631281200
1,141,1472077200,1509667200
1,142,1416182400,1429105500
1,142,1429105500,1479168000
1,142,1479168000,1491219000
1,142,1491220700,1675810800
1,152,1411689600,1434672000
1,152,1436896800,1443571200
1,152,1460152300,1461322100
1,152,1461340500,1479254400
1,152,1479254400,1559779200
1,152,1572912000,1577923200
1,152,1580155100,1596067200
1,154,1429700400,1478563200
1,154,1478563200,1491319800
1,154,1491321600,1499796000
1,154,1499801300,1634330400
1,157,1430870400,1492387200
1,157,1492387200,1572566400
1,157,1632853800,1697590900
1,172,1430136000,1618781400
1,173,1430330400,1443866400
1,173,1443902500,1473427800
1,174,NA,NA
1,175,NA,NA
1,178,1534550400,1559520000
1,178,1559520000,NA
1,189,1429894800,1478822400
1,189,1478822400,1491204600
1,189,1491208200,1632855600
1,189,1649943000,1680268900
1,194,1430236800,1507039200
1,194,1651104000,1677094900
1,202,1492794000,1521158400
1,202,1535673600,1567987200
1,207,1431171000,1480982400
1,207,1480982400,1489968000
1,207,1489968000,1525305600
1,210,1529798400,1534464000
1,217,1428602400,1447977600
1,217,1447977600,1479686400
1,217,1479686400,1491782400
1,217,1491782400,1575324000
1,217,1575590400,1575673200
1,217,1603238400,1610596200
1,222,1433462400,1472169600
1,223,1429642800,1478563200
1,223,1478563200,1492189200
1,223,1492189200,1544313600
1,223,1569024000,1585094400
1,223,1585094400,1587470300
1,223,1587477600,1620518400
1,224,1429574400,1478563200
1,224,1478563200,1491350400
1,224,1491399000,1634305800
1,229,NA,NA
1,237,1430956800,1442448000
1,237,1462463100,1465998200
1,237,1466009500,1482157800
1,237,1492776000,1676501400
1,250,1656244700,1667260800
1,251,1406764800,1479513600
1,251,1479513600,1578700800
1,251,1606348800,1615680000
1,251,1623254400,1630080000
1,251,1631188700,1631188700
1,252,1398384000,1407715200
1,252,1407715200,1416528000
1,252,1416528000,1427932800
1,252,1427932800,1479772800
1,252,1479772800,1492905600
1,253,NA,NA
1,254,1396656000,1407715200
1,254,1407715200,1415750400
1,254,1415750400,1428583600
1,254,1428583600,1480104000
1,254,1480104000,1492387200
1,254,1492387200,1649944800
1,256,1403568000,1428969600
1,256,1429034400,1478649600
1,256,1478649600,1491312600
1,256,1491314400,1677096000
1,257,1557104400,1597104000
1,258,1397088000,1408924800
1,258,1408924800,1482152400
1,258,1482152400,1492473600
1,258,1492473600,1513728000
1,258,1521072000,1631491200
1,262,1399507200,1416355200
1,262,1416355200,1429448400
1,262,1429448400,1479168000
1,262,1479168000,1493998200
1,262,1.494e+09,1650200400
1,262,1651104000,1680214500
1,263,1396656000,1407801600
1,263,1407801600,1415750400
1,263,1415750400,1428403500
1,263,1428403500,1479254400
1,263,1479254400,1489566600
1,263,1489568400,1675457000
1,264,1399334400,1411603200
1,264,1411603200,1415664000
1,264,1415664000,1428591600
1,264,1428591600,1479427200
1,264,1479427200,1491609600
1,264,1491609600,1519257600
1,264,1573430400,1659371300
1,267,1398643200,1416355200
1,267,1416355200,1417359600
1,267,1429462100,1478563200
1,267,1478563200,1491388200
1,267,1491397200,1606348800
1,269,1398988800,1407283200
1,269,1407283200,1413676800
1,269,1429713000,1478822400
1,269,1478822400,1491294600
1,269,1493888400,1587477600
1,269,1620950400,1666364400
1,272,1399334400,1415750400
1,272,1415750400,1428682500
1,272,1428682500,1479427200
1,272,1479427200,1491609600
1,272,1491609600,1583694000
1,275,1398038400,1415664000
1,275,1415664000,1431129600
1,275,1431129600,1491868800
1,276,1403481600,1416182400
1,276,1429091100,1479168000
1,276,1479168000,1491327000
1,276,1491328800,1573344000
1,276,1620432000,1681590900
1,277,1397779200,1462276900
1,277,1462276900,1467394200
1,277,1467394300,1479200400
1,277,1479200400,1492079400
1,277,1492079500,1620570500
1,278,NA,NA
1,280,1629354600,1647095600
1,280,1675385900,1678320000
1,281,1398556800,1403049600
1,281,1403049600,1415750400
1,281,1415750400,1428399000
1,281,1428399000,1482192000
1,282,1397433600,1416355200
1,282,1416355200,1429456800
1,282,1429456800,1478563200
1,282,1478563200,1491402600
1,282,1491404400,1597017600
1,284,1398297600,1407369600
1,284,1407369600,1479772800
1,284,1479772800,1492473600
1,284,1492473600,1559260800
1,284,1572912000,1576800000
1,284,1585072800,1603756800
1,284,1603843200,1618239600
1,284,1618358400,1675457300
1,286,1404950400,1461944600
1,286,1461957200,1482192000
1,288,1396656000,1403049600
1,288,1403049600,1407801600
1,288,1407801600,1416700800
1,288,1416700800,1428579000
1,288,1428579000,1473379200
1,289,1404691200,1416355200
1,289,1416355200,1429026000
1,289,1429026000,1479168000
1,289,1479168000,1626480000
1,290,1397260800,1409961600
1,290,1414368000,1534281000
1,290,1536624000,1689289200
1,291,1397692800,1416441600
1,291,1416441600,1429030100
1,291,1429030100,1434931200
1,291,1436918400,1461262200
1,291,1461332100,1478822400
1,291,1478822400,1491226200
1,291,1491228000,1540252800
1,291,1615334400,NA
1,292,1396656000,1407456000
1,292,1407456000,1468249200
1,292,1468540800,1721053600
1,293,NA,NA
1,294,1396656000,1407283200
1,294,1407283200,1409097600
1,294,1410652800,1419984000
1,294,1434672000,1446163200
1,295,1403049600,1415664000
1,295,1415664000,1428665300
1,295,1428665300,1456185600
1,295,1459468800,1460650500
1,295,1465488900,1479686400
1,295,1492511400,1573171200
1,296,1396656000,1407715200
1,296,1407715200,1479772800
1,296,1479776400,1492516900
1,296,1492984800,1555891200
1,297,1396656000,1407196800
1,297,1407196800,1419984000
1,297,1427846400,1620565600
1,297,1620652000,1621555200
1,297,1621595000,1621968000
1,299,1404259200,1461919200
1,299,1461927600,1653066000
1,300,1398384000,1416441600
1,300,1416441600,1428946200
1,300,1428946200,1430784000
1,300,1430911700,1494325800
1,300,1494327600,1658111100
1,304,1394496000,1394755200
1,304,1394755200,1397088000
1,304,1397088000,1407196800
1,304,1407196800,1411689600
1,304,1411689600,1438041600
1,304,1438041600,1514764800
1,304,1514764800,1546300800
1,304,1546300800,1559347200
1,304,1559347200,1621536300
1,304,1621536300,1621595000
1,304,1621968300,1744671600
1,306,1398729600,1416355200
1,306,1416355200,1429628400
1,306,1429633800,1478563200
1,306,1478563200,1491388200
1,306,1491390000,1646410900
1,308,1404086400,1405468800
1,308,1407888000,1408060800
1,308,1408320000,1416268800
1,308,1416268800,1429540200
1,308,1429540200,1597622400
1,308,1602460800,1656633600
1,310,1398297600,1407715200
1,310,1407715200,1479772800
1,310,1479772800,1492473600
1,310,1492473600,1617984000
1,310,1620432000,1684426800
1,312,1492772400,1531699200
1,315,1398729600,1403568000
1,315,1403568000,1416268800
1,315,1416268800,1429558100
1,315,1434931200,1448755200
1,315,1461888000,1461970800
1,316,1567544400,1602607700
1,318,1398902400,1408147200
1,318,1408147200,1429488000
1,318,1429534000,1478649600
1,318,1478649600,1492162200
1,318,1492164000,1535068800
1,318,1570665600,1621965600
1,319,1398816000,1416268800
1,319,1416268800,1429524000
1,319,1429524000,1461846300
1,319,1461846300,1631923200
1,321,1396656000,1407715200
1,321,1407715200,1437350400
1,321,1442448000,1474848000
1,325,1398211200,1407283200
1,325,1407283200,1416182400
1,325,1416182400,1429016400
1,325,1429016400,1478822400
1,327,1402963200,1415664000
1,327,1415664000,1428674400
1,327,1428674400,1479427200
1,327,1479427200,1492300800
1,327,1492300800,1596585000
1,327,1597968000,1604966400
1,328,1610596200,1678237400
1,330,1399248000,1404691200
1,330,1404691200,1416441600
1,330,1416441600,1428939000
1,330,1428939000,1479081600
1,330,1479081600,1491381000
1,330,1491382800,1499299200
1,331,NA,NA
1,336,1398124800,1407974400
1,336,1407974400,1415664000
1,336,1415664000,1428660900
1,336,1428660900,1479686400
1,336,1479686400,1489536000
1,336,1491782400,1536192000
1,337,1396656000,1407456000
1,337,1407456000,1414195200
1,337,1428065200,1483542000
1,337,1483542000,1492106100
1,337,1492106200,1495584000
1,337,1495584000,1617969700
1,337,1617990000,1629936000
1,337,1634330400,1651104000
1,338,1404345600,1478995200
1,338,1478995200,1489968000
1,338,1489968000,1572566400
1,340,1476176600,1582556400
1,340,1583679600,1656284400
1,343,1398643200,1706235100
1,345,1399593600,1407283200
1,345,1407283200,1479254400
1,345,1479254400,1491197400
1,345,1491199200,1536105600
1,346,1397174400,1403654400
1,346,1403654400,1410220800
1,346,1410220800,1416182400
1,346,1437350400,1479340800
1,346,1479340800,1492473600
1,346,1492473600,1571702400
1,346,1572307200,1580947200
1,346,1603065600,1620518400
1,348,1398124800,1407974400
1,348,1407974400,1415664000
1,348,1415664000,1428655500
1,348,1428655500,1466640000
1,348,1466640000,1467331200
1,348,1467331200,1479686400
1,348,1479686400,1491782400
1,348,1491782400,1528329600
1,348,1562889600,1623280500
1,348,1623542400,1653670800
1,350,1403654400,1416441600
1,350,1416441600,1429102000
1,350,1429102000,1479168000
1,350,1479168000,1491211800
1,350,1491213600,1639267200
1,352,1397174400,1408060800
1,352,1408060800,1416182400
1,352,1416182400,1429110700
1,352,1429110700,1461283000
1,352,1466713900,1471046400
1,352,1481500800,1536192000
1,354,1402012800,1403654400
1,354,1403654400,1416268800
1,354,1416268800,1429038000
1,354,1429038000,1461845800
1,354,1461845800,1467158400
1,485,1454284800,NA
1,570,NA,NA
1,572,NA,NA
1,628,1677027700,1680220800
1,640,1462474500,1467158400
1,640,1468332000,1525046400
1,640,1556841600,1557100800
1,652,1461963600,1479168000
1,652,1479168000,1491305300
1,652,1491307300,1499731200
1,652,1501459200,1542758400
1,654,1465516800,1560643200
1,702,1666364400,1689336600
1,731,1480086000,1494252000
1,774,1472221200,1481241600
1,774,1481241600,1482451200
1,782,1666363300,1680184400
1,788,1491868800,1561503600
1,788,1567987200,1625742800
1,789,NA,NA
1,798,1482170400,1550707200
1,798,1555718400,1713571200
1,803,1501099300,1524652200
1,803,1530781200,1713992700
1,877,1493323300,1499689900
1,877,1534280400,1559408600
1,877,1559430000,1587513600
1,877,1589637600,1623974400
1,877,1623974400,1665183600
1,878,1494599400,1524182400
1,878,1526774400,1600405200
1,878,1607526000,1649948400
1,878,1651062800,1710979200
1,879,1494532900,1499457500
1,879,1501545600,1568160000
1,879,1573084800,NA
1,887,1494360000,1524787200
1,887,1525219200,1568937600
1,887,1620432000,1634256000
1,888,1492214400,1560729600
1,963,1496520000,1507075200
1,964,1494792000,1535673600
1,969,1493828700,1501084800
1,970,1499694500,1562716800
1,1001,1496779300,1582573200
1,1001,1587981600,1615939200
1,1003,1493596800,1530057600
1,1050,1501545600,1509321600
1,1064,1526472000,1539388800
1,1077,1505433600,1526428800
1,1077,1526428800,1621468800
1,1088,1528070400,1678305500
1,1089,1529798400,NA
1,1121,1535587200,1625529600
1,1127,1544029200,1591833600
1,1152,1529971200,1536796800
1,1161,NA,NA
1,1165,1527631200,1558656000
1,1165,1572912000,1574640000
1,1165,1602720000,1709911200
1,1165,1709911200,NA
1,1200,1536105600,1554595200
1,1200,1573507000,1632528000
1,1213,1537920000,NA
1,1231,1623283200,1674086300
1,1244,1531170400,1581037200
1,1264,1541894400,1573506600
1,1271,1554163200,1700607600
1,1271,1713992700,1752587100
1,1349,1562284800,NA
1,1429,NA,NA
1,1444,1565049600,1568156400
1,1444,1568901600,1577923200
1,1444,1582747100,1592524800
1,1485,1575676800,1596499200
1,1485,1596502800,1619567100
1,1523,1570651100,1578873600
1,1526,NA,NA
1,1601,1569888000,1577923200
1,1601,1582747100,1592524800
1,1614,1572912000,1575244800
1,1614,1583020800,1755273600
1,1614,1772655100,NA
1,1653,1724194800,1752105600
1,1653,1774616200,NA
1,1670,1559779200,1649203200
1,1671,1569888000,1578009600
1,1671,1582227800,1588636800
1,1671,1588766500,1596585600
1,1674,1575676800,1578700800
1,1674,1587988700,1684432300
1,1693,1581364700,NA
1,1696,1583420400,1604707200
1,1697,1582556400,1675818000
1,1698,1582573300,1632837200
1,1703,1580515200,1618704000
1,1703,1618704000,1694908800
1,1749,1579046400,1591574400
1,1749,1591660800,1616371200
1,1749,1616371200,1698843600
1,1802,1592611200,1594944000
1,1802,1594944000,NA
1,1803,NA,NA
1,1834,1592611200,1595030400
1,1834,1595030400,NA
1,1842,1592611200,1594857600
1,1842,1594857600,NA
1,1853,1585699200,1593129600
1,1853,1593129600,1617062400
1,1853,1622160000,NA
1,1859,NA,NA
1,1886,NA,NA
1,1903,1597708800,1684515200
1,1915,1620172800,1621036800
1,1929,NA,NA
1,1941,1599091200,NA
1,1991,NA,NA
1,1994,1600560000,1602547200
1,1994,1602604800,NA
1,1995,1601856000,NA
1,2029,1603152000,1604448000
1,2029,1684515200,NA
1,2033,1577836800,1620691200
1,2033,1620691200,NA
1,2036,1603497600,1631232000
1,2044,NA,NA
1,2059,1594598400,1600732200
1,2112,1590969600,1623196800
1,2112,1630080000,1651073700
1,2116,1611792000,1619395200
1,2116,1619568000,1675036800
1,2116,1681590900,NA
1,2117,1611792000,1620604800
1,2133,NA,NA
1,2144,1615507200,1620432000
1,2144,1620518400,1622505600
1,2144,1622505600,NA
1,2169,1729641600,NA
1,2184,NA,NA
1,2219,NA,NA
1,2233,1616976000,1620172800
1,2233,1620313200,1652972400
1,2242,1620604800,1636119000
1,2242,1636119000,1713225600
1,2242,1714003200,1748304000
1,2243,1621382400,NA
1,2248,1621900800,1629417600
1,2248,1656115200,1777248000
1,2256,NA,NA
1,2269,1625443200,NA
1,2279,1616976000,1617926400
1,2279,1617969700,1660330000
1,2279,1724115600,1774119800
1,2285,1657843200,1676577200
1,2293,1631491200,1694787100
1,2293,1694891300,NA
1,2328,1616976000,1618185600
1,2328,1618185600,1644419300
1,2335,1628035200,1712793600
1,2354,1611792000,1619481600
1,2354,1619481600,1710806400
1,2396,1628254800,1676160000
1,2396,1681603200,1689793700
1,2445,NA,NA
1,2447,1629849600,NA
1,2455,1616976000,1630627200
1,2455,1630627200,1782415600
1,2464,1631280000,1675728000
1,2464,1680123500,1699574400
1,2464,1714065300,NA
1,2474,1616976000,1626566400
1,2474,1626652800,1651701000
1,2474,1660330000,1675015300
1,2488,NA,NA
1,2496,1632834600,1632834600
1,2496,1632834700,NA
1,2525,1629331200,1676049000
1,2525,1676049000,1676052000
1,2526,1634083200,1714057200
1,2528,1629158400,1752795000
1,2528,1774560000,NA
1,2531,1634323200,NA
1,2533,1634305800,1666356600
1,2533,1680184400,NA
1,2555,1632528000,1637366400
1,2559,1636401700,1690991900
1,2559,1697590800,1713633700
1,2559,1713633700,1774560000
1,2560,1635954000,1712706000
1,2570,1631836800,1667570400
1,2570,1675792800,1684258700
1,2570,1684258700,1690731800
1,2570,1700528400,NA
1,2579,1666569600,1681344000
1,2579,1681344000,1681344000
1,2587,1714780800,NA
1,2590,1638316800,1648771200
1,2596,1650412800,1693353600
1,2598,1638316800,NA
1,2607,1696204800,1698264000
1,2607,1698267600,1722470400
1,2682,1646144500,NA
1,2699,1641042200,1659312000
1,2701,1646092800,1651104000
1,2701,1651104000,1782481800
1,2706,1649289600,1724272400
1,2707,1634310000,NA
1,2711,1641055500,1649946600
1,2711,1649948400,1751135700
1,2712,1649944800,1691004800
1,2712,1704120400,1717977600
1,2716,1650040200,1690994800
1,2745,1651536000,1695686400
1,2745,1695686400,NA
1,2748,1651701000,1676764800
1,2783,1681603200,1689859500
1,2785,1637539200,1648771200
1,2785,1680137900,1691011200
1,2785,1694390400,1700864400
1,2785,1700864400,1712959200
1,2785,1738108800,1746180000
1,2785,1761609600,NA
1,2803,1676764900,1761426000
1,2803,1761523200,NA
1,2811,1676501400,NA
1,2830,1648816500,1653350400
1,2830,1653350400,1653350400
1,2897,1659312000,NA
1,2898,1653066000,1713916800
1,2898,1714003200,1782486000
1,2921,1653670800,1682458800
1,2921,1684427500,1742450400
1,2926,1660780800,1700748000
1,2926,1700748000,NA
1,2958,1660694400,1687993200
1,2969,NA,NA
1,2971,NA,NA
1,2993,NA,NA
1,3017,1660841100,NA
1,3018,1660829000,1700677200
1,3018,1700677200,1717520100
1,3019,1709078400,NA
1,3023,1656633600,1752697900
1,3023,1752714000,1782336600
1,3023,1782566700,NA
1,3024,1656633600,1690739500
1,3024,1690739500,1775077000
1,3035,NA,NA
1,3044,1666310400,1714780800
1,3044,1725926400,NA
1,3045,NA,NA
1,3046,1666356600,1680187900
1,3050,1667570400,NA
1,3053,NA,NA
1,3065,1665446400,1773344100
1,3109,1672594700,1690731800
1,3109,1690731800,1698085800
1,3109,1698264000,1717770200
1,3109,1719322800,1750171800
1,3109,1750171800,NA
1,3129,1674003500,NA
1,3130,1656633600,NA
1,3136,1675015300,1677853800
1,3142,1675385900,1690737000
1,3143,1675818000,NA
1,3145,1675782000,1722646800
1,3147,NA,NA
1,3159,1676587900,1700685000
1,3159,1716578000,1724625900
1,3159,1761426000,NA
1,3160,1676577200,1682460000
1,3160,1773273600,1779148800
1,3160,1779148800,NA
1,3162,1677027600,1677027600
1,3162,1677027700,1689794300
1,3169,1677853800,1709683200
1,3169,1709683200,NA
1,3170,NA,NA
1,3177,1678305500,1773675500
1,3222,1676160000,NA
1,3257,1681344000,1717113600
1,3266,1682020900,NA
1,3269,1682460000,1757367200
1,3270,1677679400,1689724800
1,3270,1689770900,1689793700
1,3270,1689793700,1697932800
1,3270,1714053600,1719322800
1,3270,1719360000,1733097600
1,3292,1683304200,NA
1,3293,1683304300,1689724800
1,3293,1689793700,1774635400
1,3296,1681940500,1687309200
1,3297,1682459500,1700694000
1,3306,1680214500,1713830400
1,3307,1680187900,1689770900
1,3309,1684195200,NA
1,3312,NA,NA
1,3313,1680620300,1690737000
1,3313,1690737000,1696951900
1,3313,1698364800,1699574400
1,3313,1699747200,1713571200
1,3313,1713657600,1750439400
1,3313,1774628600,NA
1,3314,1683304300,1702494000
1,3314,1702494700,1774904200
1,3314,1782415600,NA
1,3315,1680622200,1689724800
1,3315,1689794300,1703894400
1,3315,1713732400,1730925000
1,3315,1730937600,1763942400
1,3315,1764101800,1772655100
1,3315,1775001600,NA
1,3326,1680621200,1689811200
1,3326,1689859500,1710806400
1,3326,1741459500,NA
1,3329,1680620000,1690934400
1,3329,1752587100,NA
1,3330,1680361500,NA
1,3332,1684972800,1694390400
1,3332,1694649600,NA
1,3340,1684972800,NA
1,3346,1685491200,1703203200
1,3346,1738108800,NA
1,3405,1689210000,NA
1,3408,1688240000,1700521200
1,3408,1700614900,1746555100
1,3408,1774703100,NA
1,3409,1688169600,1696535400
1,3409,1776443500,NA
1,3411,1688169600,1700479600
1,3411,1700614900,1734480000
1,3413,1688169600,1690934400
1,3413,1690994800,1741459500
1,3413,1746662400,1754676000
1,3413,1758758400,NA
1,3419,1689336700,1724194800
1,3430,1690991900,1696464000
1,3435,1690934400,1691625600
1,3436,1691004800,NA
1,3437,1691011200,1723132800
1,3437,1723161600,1774569600
1,3437,1774648000,NA
1,3446,1690848000,NA
1,3449,1690502400,NA
1,3482,1693353600,1709251200
1,3508,1694787100,1720051200
1,3514,1694441500,NA
1,3549,1696951900,1698364800
1,3577,1694908800,1716578000
1,3577,1717770200,1751126300
1,3577,1751126300,NA
1,3581,1696291200,NA
1,3582,1698085800,1702494700
1,3582,1704067200,1713657600
1,3582,1714057200,1724248700
1,3582,1724248700,NA
1,3594,1698864000,1748360200
1,3620,1724272400,NA
1,3621,1699574400,1733788800
1,3621,1733843800,1741392000
1,3690,1704136200,1717632000
1,3690,1721053600,NA
1,3691,1672531200,1719964800
1,3694,1672587600,1723075200
1,3694,1723132800,1733702400
1,3696,1672531200,1713657600
1,3696,1713657600,1774628600
1,3712,1696949100,NA
1,3719,1709078400,1724457600
1,3719,1724457600,NA
1,3806,NA,NA
1,3810,1713879800,NA
1,3938,1720569600,1784419200
1,4010,1724625900,1725926400
1,4010,1777208400,NA
1,4020,1725584400,NA
1,4118,1730854800,1774703100
1,4139,1730419200,NA
1,4176,1734457000,NA
1,4202,1738195200,NA
1,4203,1738195200,NA
1,4308,1733788800,1776443500
1,4308,1782336600,NA
1,4323,1742947200,1778777900
1,4325,1742947200,NA
1,4326,1742947200,1751135700
1,4326,1751135700,1775149000
1,4354,1570492800,1597881600
1,4354,1597882200,1635954000
1,4354,1636384500,1650040200
1,4354,1743724800,NA
1,4420,1782481800,NA
1,4421,NA,NA
1,4464,1744588800,1764101800
1,4464,1775001600,1786406400
1,4464,1786406400,NA
1,4469,1752710400,1756559400
1,4469,1756559400,1776816000
1,4471,1748360200,1757595600
1,4471,1757595600,NA
1,4558,1713225600,1752192000
1,4583,1752710400,1756558800
1,4583,1756558800,1774038700
1,4583,1774119800,1774616200
1,4628,1754679600,NA
1,4634,1754931100,NA
1,4637,1755174500,NA
1,4643,1755264800,NA
1,4650,1755606800,1774564000
1,4650,1775001600,NA
1,4651,1755593000,NA
1,4658,1755529200,NA
1,4659,1755704700,NA
1,4682,1755365400,NA
1,4688,1746555100,NA
1,4690,1753228800,NA
1,4691,1754352000,NA
1,4693,1753289500,NA
1,4699,1755281900,NA
1,4736,NA,NA
1,4737,1757859600,NA
1,4752,NA,NA
1,4761,1758891800,NA
1,4797,1758916900,NA
1,4816,1761667200,NA
1,4817,1761652700,NA
1,4818,NA,NA
1,4819,1761566500,NA
1,4851,1763337600,NA
1,4878,NA,NA
1,4884,1764185900,NA
1,4891,1755456600,NA
1,4900,1755005800,NA
1,4903,1764707100,NA
1,4945,NA,NA
1,5084,1757333100,NA
1,5088,NA,NA
1,5137,1774564600,NA
1,5154,1775149000,NA
1,5155,1764799500,NA
1,5156,1764884100,NA
1,5173,1750381200,1774648000
1,5204,1764272500,NA
1,5205,1757780200,NA
1,5232,1757594500,NA
1,5268,1773344100,NA
1,5269,1779895200,NA
1,5272,1779987200,NA
1,5273,1775065000,1779987200
1,5275,1765929600,NA
1,5380,1767225600,NA
1,5397,1774635400,NA
1,5416,1782486000,NA
1,5422,1698843600,1731369600
1,5422,1782345600,NA
1,5423,1773689900,1782566700
1,5435,1783382400,NA
2,0,1401321600,1412035200
2,7,1401062400,1416355200
2,7,1416355200,1432317600
2,7,1432317600,1442021400
2,8,1402012800,1418083200
2,8,1418083200,1432925000
2,8,1432925000,1448928000
2,9,1400544000,1416528000
2,9,1416528000,1431633700
2,9,1431633700,1448553600
2,9,1448553600,1460921300
2,9,1460921300,1468878000
2,9,1468878000,1480164500
2,9,1480164500,1491850800
2,9,1491850800,1511019000
2,9,1511019000,1522953600
2,9,1522953600,1548420500
2,9,1557237600,1575659600
2,9,1575659600,1623864000
2,9,1623864300,1695672000
2,9,1695672000,1722429000
2,12,1400803200,1431302400
2,12,1433790000,1467039600
2,12,1479037800,1482364800
2,12,1494277200,1510152600
2,12,1510152600,1529780200
2,12,1529953200,1543935600
2,13,1399593600,1399939200
2,13,1401062400,1416441600
2,13,1416441600,1432420900
2,13,1432420900,1442016000
2,13,1442414000,1448469000
2,13,1448469000,1457019000
2,13,1458765000,1460128800
2,14,1402704000,1416441600
2,14,1416441600,1431543600
2,14,1432422000,1448224300
2,14,1448224300,1461099600
2,14,1461099600,1480449500
2,14,1480449500,1491685200
2,14,1491685200,1511205400
2,14,1511205400,1518633000
2,15,1401580800,1416528000
2,15,1416528000,1431611100
2,15,1431611100,1443092400
2,16,1401148800,1416441600
2,16,1416441600,1432392000
2,16,1432392000,1444867200
2,16,1446925400,1448374800
2,16,1448374800,1461168000
2,16,1461168000,1467244800
2,16,1468698600,1480526200
2,16,1480526200,1491657000
2,16,1491657000,1511287200
2,16,1511287200,1522780200
2,16,1522780200,1533038300
2,16,1533908700,1562850000
2,16,1565278200,1598380200
2,17,1400976000,1415750400
2,17,1415750400,1433721600
2,18,1519061400,1521158400
2,18,1522686000,1553635000
2,19,1519402500,1575298800
2,19,1592668800,1695731700
2,20,1400371200,1430999200
2,20,1430999200,1447872000
2,20,1447872000,1457449200
2,20,1457449200,1479991800
2,20,1479991800,1554242400
2,20,1638454900,1638544900
2,20,1638544900,1650981600
2,21,1401148800,1416441600
2,21,1416441600,1432399500
2,21,1432399500,1448377900
2,21,1448377900,1457368200
2,21,1457368200,1468694400
2,21,1468694400,1480529200
2,21,1480529200,1491653100
2,21,1491653100,1554472600
2,21,1554472800,1690981200
2,22,1400371200,1430994200
2,22,1430994200,1447862100
2,22,1447862100,1458831600
2,22,1458831600,1461792500
2,22,1461792500,1493892200
2,23,1401235200,1416441600
2,23,1416441600,1432385400
2,23,1432385400,1444262400
2,23,1564783200,1567857700
2,24,1400976000,1415750400
2,24,1415750400,1433779200
2,24,1433779200,1447506000
2,24,1447511400,1460320300
2,25,1400544000,1416528000
2,25,1416528000,1431638400
2,25,1431638400,1448475600
2,25,1448475600,1460851200
2,25,1460851200,1468939100
2,25,1468939300,1479830400
2,25,1480616000,1491856300
2,25,1491856300,1511015800
2,25,1511015800,1519422300
2,25,1519422300,1522962000
2,25,1522962000,1575649800
2,25,1575649800,1612851000
2,25,1612851100,1669060900
2,26,1400284800,1436097500
2,26,1436097500,1461715200
2,26,1461715200,1468585900
2,26,1468585900,1480005800
2,26,1480005800,1499612200
2,26,1523363500,1534417200
2,30,1401667200,1416528000
2,30,1416528000,1431554400
2,30,1431554400,1431993600
2,30,1440887400,1448128800
2,30,1448128800,1460999600
2,30,1460999600,1478434600
2,30,1478434600,1491744600
2,30,1491744600,1511117400
2,30,1511117400,1522862500
2,30,1522862500,1555074000
2,30,1555074000,1576180700
2,30,1576180700,1596807000
2,30,1596807000,1598446800
2,30,1603371600,1734044400
2,31,1401667200,1416528000
2,31,1416528000,1431615000
2,31,1431615000,1448120700
2,31,1448120700,1460997000
2,31,1460997000,1478443800
2,31,1478443800,1491828600
2,31,1491828600,1511107500
2,31,1511107500,1522871700
2,31,1522871700,1576238300
2,31,1576238300,1639407600
2,31,1639407600,NA
2,32,1401494400,1416528000
2,32,1416528000,1431621000
2,32,1431621000,1443196800
2,32,1500309500,1510682100
2,32,1510682100,1533234600
2,32,1533234600,1565805600
2,33,1402012800,1416441600
2,33,1416441600,1432414000
2,33,1432414000,1448312400
2,33,1448312400,1457299800
2,33,1457299800,1480517400
2,33,1480517400,1491662700
2,33,1491662700,1511281800
2,33,1511281800,1517054500
2,33,1517054500,1695071700
2,34,1401494400,1416528000
2,34,1416528000,1431624600
2,34,1431624600,1440849700
2,37,1459951200,1480609800
2,37,1480609800,1491576300
2,37,1491576300,1511368200
2,37,1511368200,1522696800
2,37,1522696800,1542901200
2,37,1542903600,1554370200
2,37,1554381600,1567188000
2,37,1567188000,1575313200
2,37,1575313200,1585660500
2,37,1585660500,1653752000
2,37,1654179600,1695049200
2,39,1401580800,1416528000
2,39,1416528000,1431602400
2,39,1431602400,1437993600
2,39,1494424800,1507593600
2,41,1463664000,1546992000
2,43,1403006500,1418169600
2,43,1418169600,1432919700
2,43,1432919700,1448991000
2,43,1448991000,1460388600
2,43,1460388600,1467904600
2,43,1467904600,1478861400
2,43,1478861400,1494433800
2,43,1561649400,1657549000
2,45,1400889600,1403308800
2,45,1403308800,1431734400
2,45,1431734400,1432155600
2,45,1432155600,1447592400
2,45,1447592400,1460286000
2,45,1460297300,1478981100
2,45,1478981100,1492466400
2,45,1492466400,1510833000
2,45,1510833000,1561375700
2,45,1561375900,1579024800
2,45,1579024800,1596067200
2,45,1654014600,1724785200
2,46,1401926400,1416441600
2,46,1416441600,1431550000
2,46,1431550000,1448218800
2,46,1448218800,1461085200
2,46,1493892200,1554220800
2,46,1554231600,1567857700
2,46,1568397600,1585606100
2,46,1585606100,1664380000
2,46,1669062000,1684960300
2,46,1688040000,NA
2,47,1400284800,1436112000
2,47,1436112000,1447791400
2,47,1447791400,1456857900
2,47,1456857900,1461715200
2,47,1461715200,1600128000
2,47,1603314000,1654266600
2,47,1654266600,1669208400
2,48,1434931200,1463097600
2,49,1522270800,1534444200
2,49,1534444200,1540475400
2,49,1540475400,1554210600
2,49,1554213000,1567868400
2,49,1568322000,1592668800
2,50,1562850000,1565278200
2,50,1568840400,1569684600
2,50,1569783600,1579014000
2,51,1401235200,1416441600
2,51,1416441600,1432378800
2,51,1432378800,1448393300
2,51,1448393300,1456938000
2,51,1458660600,1575477600
2,51,1575477600,1585670400
2,51,1596573000,1598400000
2,51,1598400000,1669234800
2,53,1399939200,1400025600
2,53,1402012800,1418083200
2,53,1418083200,1432933200
2,53,1432933200,1447350000
2,55,1401926400,1416441600
2,55,1416441600,1431536400
2,55,1431536400,1443598200
2,55,1443600000,1444867200
2,55,1444935600,1448383500
2,55,1448383500,1457283600
2,55,1457283600,1480532100
2,55,1480532100,1491648600
2,55,1491648600,1504483200
2,55,1504483200,1518609700
2,55,1518633000,1555024800
2,56,1400371200,1436047200
2,56,1436047200,1447853400
2,56,1447853400,1457042400
2,56,1457042400,1461785300
2,56,1461785300,1480003500
2,56,1480003500,1493744000
2,56,1493744000,1510423200
2,56,1510423200,1519152900
2,56,1564747300,1623855600
2,68,1506942000,1510485900
2,68,1510485900,1523363500
2,143,1460930400,1468873900
2,143,1468873900,1480167300
2,143,1480167300,1491846900
2,143,1491846900,1511022300
2,143,1511022300,1522950700
2,143,1522950700,1542542300
2,144,1443108900,1448205600
2,144,1448205600,1460937600
2,144,1461015900,1467201500
2,144,1467201500,1478366700
2,144,1478366700,1491775200
2,144,1491775200,1511187600
2,144,1511187600,1522926800
2,144,1522926800,1576692000
2,144,1576692000,1592524800
2,144,1592524800,1663266600
2,145,1412696700,1418083200
2,145,1432233900,1685973600
2,145,1686326400,1700244000
2,145,1700244000,1750871700
2,146,1438382300,1446578400
2,147,1434136300,1461681700
2,147,1461681700,1479050100
2,147,1479050100,1492449700
2,147,1492449700,1510847100
2,147,1510847100,1558465200
2,147,1558465200,1576588500
2,147,1576588500,1598011100
2,147,1598011100,1624276700
2,147,1624276700,1702339200
2,148,1447352600,1460648400
2,148,1460648400,1478960100
2,148,1478960100,1493231900
2,148,1493231900,1510687000
2,148,1510687000,1522427400
2,148,1522427400,1565776800
2,149,1432238300,1460764800
2,149,1460820600,1469022000
2,149,1469022000,1478971300
2,149,1478971300,1493215500
2,149,1493215500,1500249600
2,150,1435681700,1447961300
2,150,1447961300,1462024800
2,150,1462024800,1479921000
2,150,1479921000,1494017400
2,150,1494017400,1510580400
2,150,1510580400,1557403100
2,150,1564611300,1564678800
2,150,1564686000,1599606000
2,150,1605457800,1621256400
2,151,1433522000,1461604900
2,151,1461604900,1468956500
2,151,1468956500,1698771300
2,153,1499612200,1510418400
2,153,1510418400,1522270800
2,155,1439251200,1504483200
2,155,1504483200,1511294500
2,155,1511294500,1522773900
2,155,1522773900,1554418800
2,155,1554418800,1567868400
2,155,1569522600,1575489500
2,155,1575489500,1585683000
2,155,1585683000,1654201900
2,156,1438710000,1448370000
2,162,1534417200,1568387700
2,162,1568387700,1585588900
2,162,1585588900,1618963200
2,163,1412682800,1418083200
2,164,1596067200,1599004800
2,164,1619222400,1635897600
2,164,1653483600,1654347600
2,164,1654347600,1719417600
2,165,1443196800,1448113800
2,165,1448113800,1460989200
2,165,1460989200,1478449200
2,165,1478449200,1491837300
2,165,1491837300,1511102700
2,165,1511102700,1522944300
2,165,1522944300,1575201500
2,165,1575201500,1592500500
2,165,1596553200,1692216000
2,166,1449014400,1549065600
2,168,1433784300,1447519200
2,168,1447519200,1460368000
2,168,1460404000,1479651800
2,168,1479651800,1494594400
2,168,1494594400,1510068400
2,168,1510068400,1533579300
2,168,1533579300,1562686200
2,168,1562686200,1576678500
2,168,1576678500,1595959200
2,168,1650885600,1695756500
2,176,1444924800,1444935600
2,176,1448294400,1457292500
2,176,1457292500,1461189600
2,176,1461189600,1468774100
2,176,1468774100,1480508200
2,176,1480508200,1491676200
2,176,1491676200,1511267800
2,176,1511267800,1517054500
2,176,1517054500,1554998400
2,176,1554998400,1576252800
2,176,1576252800,1592418600
2,176,1592418600,1603314000
2,176,1618963200,1650885600
2,176,1669234800,1733506200
2,184,1412290800,1432494000
2,184,1432494000,1448304600
2,184,1460320300,1479648000
2,184,1479648000,1494605000
2,184,1494605000,1510056600
2,184,1510056700,1533585700
2,184,1533585700,1566930600
2,184,1566930600,1576684800
2,184,1576684800,1654013700
2,184,1665675600,1695686400
2,185,1440633600,1462381200
2,185,1462381200,1478796900
2,185,1478796900,1492630100
2,185,1492630100,1510835500
2,185,1510835500,1522584000
2,185,1522584000,1749667800
2,186,1437993600,1448193500
2,186,1448193500,1461007700
2,186,1461007700,1467225000
2,186,1467311400,1478355800
2,186,1478355800,1491748700
2,186,1491748700,1503360000
2,186,1505491200,1511200600
2,186,1511200600,1522850400
2,186,1522850400,1533081600
2,187,1468673700,1575486000
2,187,1595019600,1750865500
2,191,1432221600,1447340400
2,191,1447340400,1462890600
2,191,1462890600,1500309000
2,193,1442081200,1554391800
2,193,1554391800,1566482400
2,193,1566482400,1575468000
2,193,1575468000,1596550500
2,195,1415886300,1436117400
2,195,1436117400,1447787600
2,195,1447787600,1458756000
2,195,1458756000,1461760300
2,195,1461760300,1468597500
2,195,1468597500,1474545000
2,195,1503313200,1511177300
2,195,1511177300,1522930800
2,195,1522930800,1533908700
2,196,1461088900,1468792800
2,196,1468792800,1480446300
2,196,1480446300,1491736200
2,196,1491736200,1511196900
2,196,1511196900,1522854000
2,196,1522854000,1555089900
2,196,1555089900,1592427600
2,196,1592500500,1729693800
2,196,1729695600,1747837800
2,197,1460640900,1478955800
2,197,1478955800,1494424800
2,197,1494433800,1510768500
2,197,1510768500,1522422000
2,197,1522422000,1541083500
2,197,1541095200,1552737500
2,197,1552737500,1554922200
2,197,1554922200,1578927600
2,197,1578927600,1653570000
2,197,1653570000,1709299800
2,198,1440851500,1448107800
2,198,1448107800,1460982000
2,198,1460982000,1480174800
2,198,1480174800,1491843300
2,198,1491843300,1511098600
2,198,1511098600,1522947000
2,198,1522947000,1576250100
2,198,1576250100,1772735400
2,199,1412285400,1416441600
2,199,1416441600,1432400400
2,199,1432400400,1438109400
2,200,1448304600,1458662400
2,200,1458662400,1461183600
2,200,1461183600,1468771200
2,200,1468771200,1480510200
2,200,1480510200,1491673100
2,200,1491673100,1511271000
2,200,1511271000,1517054500
2,200,1517054500,1551355100
2,200,1554492500,1567868400
2,200,1567868400,1568642400
2,200,1568642400,1576161900
2,200,1576161900,1592415600
2,200,1592415600,1634233500
2,200,1634233500,1654259500
2,203,1500490200,1510668500
2,203,1510668500,1522432800
2,205,1438630100,1446854400
2,205,1446924900,1446940800
2,206,1522157400,1540470000
2,206,1554219000,1567868400
2,206,1568316000,NA
2,208,1412121600,1416787200
2,208,1416787200,1422316800
2,208,1431648000,1460836900
2,208,1460836900,1566999000
2,208,1566999000,1593763200
2,208,1593763200,1630022400
2,208,1630022400,1724767200
2,211,1553635000,1554139800
2,211,1554139800,1554660900
2,212,1474545700,1480012200
2,212,1480012200,1493831400
2,212,1493831400,1510411100
2,212,1510411100,1519061400
2,213,1415976700,1447879600
2,213,1447879600,1457442000
2,213,1457442000,1461868800
2,213,1461868800,1468512900
2,213,1468512900,1479986300
2,213,1479986300,1493929900
2,213,1493929900,1503360000
2,216,1412256600,1416355200
2,216,1416355200,1432326700
2,216,1432326700,1448461800
2,216,1448461800,1456948700
2,216,1456948700,1459936800
2,216,1460147500,1461595100
2,216,1461595100,1519402200
2,216,1593807100,1598486400
2,216,1654201900,1669227300
2,220,1499941800,1511192700
2,220,1511192700,1522859400
2,220,1522859400,1576179000
2,220,1576179000,1695119400
2,221,1460378900,1463603500
2,221,1463604000,1479554700
2,221,1479554700,1494788400
2,221,1494788400,1546974000
2,221,1546974000,1565899300
2,221,1585678500,1690999200
2,225,1461161200,1480442400
2,225,1480442400,1494870100
2,225,1494870100,1505491200
2,225,1562439600,1575480600
2,225,1575480600,1585678500
2,225,1623855600,1729698600
2,226,1433514000,1448029200
2,226,1448029200,1461698400
2,226,1461698400,1478626800
2,226,1479490800,1493729300
2,226,1493729300,1510598400
2,226,1510598400,1593807100
2,227,1438603300,1447602600
2,227,1447602600,1461605400
2,227,1461605400,1468959600
2,227,1468959600,1479063300
2,227,1479063300,1492693200
2,227,1492693200,1510858500
2,227,1510858500,1523298600
2,227,1523298600,1534348800
2,227,1534348800,1560778200
2,227,1560778200,1575570600
2,227,1593716400,1698784300
2,228,1449014400,1561726000
2,228,1561726000,1657628200
2,228,1669227300,1692199200
2,230,1443627000,1448124300
2,230,1448124300,1461333600
2,230,1461333600,1478438700
2,230,1478438700,1491824600
2,230,1491824600,1511111400
2,230,1511111400,1522867500
2,230,1522867500,1596816000
2,230,1596816000,1693825200
2,230,1695767400,1730309400
2,234,1412899200,1416528000
2,234,1416528000,1431629000
2,234,1431629000,1448550900
2,234,1448550900,1460930400
2,235,1435851800,1447938600
2,235,1447938600,1461943800
2,235,1461943800,1479900500
2,235,1479900500,1493988600
2,235,1493988600,1510512600
2,235,1510512600,1599681500
2,235,1600128000,1767982800
2,236,1432580400,1441065600
2,236,1441065600,1469836800
2,236,1469836800,1561669200
2,236,1565805600,1635247700
2,236,1635247900,1686326400
2,240,1433526700,1448901000
2,240,1448901000,1460903400
2,240,1460903400,1468953600
2,240,1468953600,1478634200
2,240,1478634200,1492711600
2,240,1492711600,1510926700
2,240,1510926700,1523293200
2,240,1523293200,1575640800
2,240,1575640800,NA
2,283,1555024800,1576161000
2,283,1576161000,1592425200
2,283,1592425200,1669203000
2,283,1669209600,1686484700
2,358,1459497600,1460378900
2,362,1459497600,1463662800
2,364,1565787600,1572609500
2,364,1572609700,1578960000
2,553,1595959200,1670340000
2,553,1670340100,1689869700
2,559,1367943700,1388534400
2,559,1554660900,1605457800
2,643,1621342800,1646254800
2,648,1444176000,1448388900
2,648,1448388900,1457276400
2,648,1457276400,1480539000
2,648,1480539000,1491602700
2,648,1491602700,1511350800
2,648,1511350800,1516363300
2,648,1516363300,1554391800
2,648,1554402600,1554490800
2,648,1554490900,1562439600
2,648,1619016100,1650897800
2,648,1650897900,1665675600
2,661,1406129500,1434128400
2,711,1554242400,1585596000
2,711,1585596000,1619016000
2,977,1653043800,1661428700
2,977,1661876100,1676465200
2,977,1684960300,1729713700
2,977,1730312400,1784205000
2,1021,1509555600,NA
2,1200,1698785400,NA
2,1263,1553263200,1586995200
2,1263,1626048000,1658326500
2,1263,1695119400,NA
2,1345,1596750600,1603371600
2,1439,1690817400,1734109200
2,1439,1781205600,NA
2,1622,1574359200,1588377600
2,1690,1579442400,1579528800
2,1719,1732521600,NA
2,1721,1596585600,NA
2,1722,1643807700,1646582400
2,1722,1646600400,1647613800
2,1722,1647619200,1652720400
2,1779,1686077000,NA
2,1804,1594152000,1595721600
2,1804,1598446800,1663027200
2,1899,1595967400,1596585600
2,1929,1598380200,1663190800
2,1996,1597852800,1607455900
2,1996,1607455900,1638454900
2,1996,1658326500,NA
2,2014,1602406800,NA
2,2025,1654195200,1733511600
2,2677,1647893500,1661731200
2,2677,1663266600,NA
2,2755,1724878000,1734113700
2,2770,1654259500,1690817400
2,2856,1657628200,1750958100
2,2856,1750958100,NA
2,2857,1657549000,NA
2,2874,1676465200,1695043800
2,2874,1695043800,1707004800
2,2908,1669226400,NA
2,2976,1662642000,1678795300
2,2976,1707004800,NA
2,2981,1664380000,NA
2,2986,1663254000,1717596000
2,2986,1719420300,1785521700
2,2986,1785521700,NA
2,3012,1676991600,1678060800
2,3012,1692199800,1775852200
2,3086,1669204700,1734091300
2,3152,1676643300,1683936000
2,3153,1676649700,1690588800
2,3153,1692216300,1753187500
2,3154,1695077800,NA
2,3155,1676638800,1684886400
2,3155,1685973600,1770751700
2,3156,1676738700,1678792400
2,3156,1678795300,1773322200
2,3190,1774024200,1775756200
2,3190,1775756200,NA
2,3213,1770413400,NA
2,3217,1691948700,1695077800
2,3422,1689870600,1719068400
2,3433,1690999200,1695063600
2,3433,1695064800,NA
2,3458,NA,NA
2,3494,NA,NA
2,3511,1693827000,NA
2,3530,1759949400,NA
2,3558,1695071700,1721750400
2,3558,1721761200,1750072400
2,3592,1698777900,NA
2,3633,1695731700,NA
2,3659,1695056400,1717524000
2,3723,1709301600,1732521600
2,3723,1733512800,NA
2,4007,1724786000,NA
2,4097,1729714600,NA
2,4098,1729702800,NA
2,4110,1695686400,1767904300
2,4138,1724769900,NA
2,4151,1773093800,NA
2,4155,1734045000,NA
2,4463,1747837800,1775670300
2,4463,1775670300,NA
2,4488,1734110100,NA
2,4543,1750865500,1779913499
2,4595,1733506600,NA
2,4598,1719069000,1750723200
2,4627,1754423000,NA
2,4684,1756927700,NA
2,4882,1764111600,NA
2,4886,1764357400,NA
2,4947,1767982800,NA
2,4974,1767904300,NA
2,5050,1780953900,NA
2,5153,1773322200,NA
2,5171,1772735400,NA
2,5175,1775852200,NA
2,5191,1776981500,NA
2,5261,1779375600,NA
2,5271,1750871700,NA
2,5276,1779299100,NA
2,5373,1780602200,NA
2,5400,1781559400,NA
2,5409,1782145000,NA
2,5414,1782391600,NA
2,5425,1782485100,NA
2,5451,1784206000,NA
3,0,NA,NA
3,0,1777662100,NA
3,0,1778763600,NA
3,0,1778774400,NA
3,0,1778779800,NA
3,0,1778785200,NA
3,0,1778790700,NA
3,0,1778850000,NA
3,35,1406073600,1419984000
3,35,1434499200,1449014400
3,35,1471651200,1546300800
3,38,1405468800,1416787200
3,38,1441843200,1634256000
3,38,1660577400,1660577400
3,38,1660577400,1747526400
3,44,1406073600,1419984000
3,44,1437609600,1449014400
3,44,1464220800,1660845600
3,54,1442448000,1449014400
3,54,1469577600,1510790400
3,54,1527465600,1542326400
3,54,1563181200,1574121600
3,54,1595980800,1604448000
3,54,1625961600,1667260800
3,54,1683729000,1699988400
3,54,1715088000,1730851200
3,54,1750291200,1763164800
3,82,1497432600,1542722400
3,83,1405555200,1416787200
3,83,1437696000,1449619200
3,83,1470182400,1478736000
3,83,1498694400,1510617600
3,83,1532017300,1542499200
3,83,1563530400,1574294400
3,85,1455667200,1522627200
3,95,1441065600,1540771200
3,95,1669161600,1670443300
3,95,1675728000,1677595800
3,99,1442880000,1448928000
3,99,1469664000,1478563200
3,99,1495929600,1503446400
3,102,1473688800,1478732400
3,102,1503590400,1724279700
3,116,1435190400,1473188400
3,116,1498852900,1504828800
3,116,1505419300,1509739300
3,133,1446768000,1505779200
3,137,1435104000,1447027200
3,137,1464825600,1477440000
3,259,1409011200,1658505600
3,259,1679508000,1744729200
3,260,1405123200,1418083200
3,260,1433894400,1447027200
3,260,1466467200,1477440000
3,260,1503446400,1510831200
3,260,1527465600,1542326400
3,260,1563274800,1574208000
3,260,1670371200,1673370000
3,260,1675728000,1677594600
3,268,1409097600,1472256000
3,268,1472256000,1542326400
3,268,1542326400,1574121600
3,268,1595980800,1683740200
3,268,1715107500,1730851200
3,268,1747602000,1763212900
3,270,1405123200,1418083200
3,270,1433980800,1447027200
3,270,1470182400,1477440000
3,270,1505779200,1525824000
3,279,1402185600,1416873600
3,279,1432598400,1448841600
3,279,1464220800,1477526400
3,279,1500422400,1509667200
3,279,1531485000,1540944000
3,279,1563901200,1570716000
3,279,1595721600,1601424000
3,279,1628553600,1635638400
3,279,1657843200,1666742400
3,279,1690218000,1697572900
3,279,1721433600,1729641600
3,279,1753920000,1760745600
3,301,1405555200,1449619200
3,301,1456790400,1541030400
3,301,1552521600,1572134400
3,301,1621382400,1635033600
3,305,1405209600,1496136600
3,311,1402012800,1416960000
3,311,1432598400,1446336000
3,311,1464134400,1477612800
3,311,1499817600,1509667200
3,311,1531496700,1540944000
3,311,1563717600,1571662800
3,311,1595462400,1600819200
3,311,1627308000,1635638400
3,311,1657843200,1666742400
3,314,1405382400,1416873600
3,314,1443571200,1464048000
3,314,1464048000,1542412800
3,314,1542412800,1574294400
3,314,1594857600,1603238400
3,314,1621072800,1621072900
3,314,1621072900,1700080300
3,314,1700083800,1729468800
3,317,1405036800,1418083200
3,317,1435276800,1447027200
3,317,1466380800,1477440000
3,317,1499126400,1509494400
3,323,1405036800,1417996800
3,323,1435190400,1447027200
3,323,1466467200,1477440000
3,323,1496188800,1508803200
3,323,1528718300,1538697600
3,323,1557878400,1572454800
3,323,1654872300,1666720800
3,323,1685557800,1699041500
3,323,1717588700,1729868400
3,326,1409011200,1416355200
3,326,1442966400,1448928000
3,326,1469750400,1478563200
3,326,1495756800,1510790400
3,326,1531924200,1542326400
3,333,1405382400,1416787200
3,333,1443484800,1449619200
3,333,1464048000,1542499200
3,333,1563447600,1574294400
3,333,1594944000,1603238400
3,333,1621086300,1641427200
3,333,1652659200,1683831600
3,339,1405555200,1416787200
3,339,1442275200,1449619200
3,339,1470268800,1478649600
3,339,1498694400,1510617600
3,339,1531992600,1542412800
3,339,1563454800,1574294400
3,342,1405123200,1418083200
3,342,1434844800,1447027200
3,342,1466467200,1477526400
3,342,1499126400,1509494400
3,353,1405900800,1416441600
3,353,1442966400,1448928000
3,353,1469664000,1478602800
3,353,1501066800,1542326400
3,353,1563181200,1574208000
3,353,1595980800,1604534400
3,721,1405382400,1416873600
3,721,1443484800,1449619200
3,721,1464048000,1478649600
3,721,1496188800,1510704000
3,721,1531321200,1542412800
3,721,1563436800,1574208000
3,721,1594944000,1603238400
3,721,1620738000,1660435200
3,721,1668643200,1668643200
3,721,1668646800,1670443300
3,721,1689184800,1697742000
3,721,1720656000,1729468800
3,722,1473120000,1473206400
3,722,1482130800,NA
3,775,1425168000,1541030400
3,778,1602979200,1667550600
3,807,1594857600,1604534400
3,807,1621094400,1635292800
3,807,1657411200,1667433600
3,807,1690383600,1700064000
3,807,1715101200,1731024000
3,858,1531958400,NA
3,867,1535587200,1541030400
3,867,1563271200,1574208000
3,867,1595980800,1604448000
3,867,1625875200,1635206400
3,867,1657497600,1667347200
3,867,1683730800,1699984800
3,867,1715092200,1730851200
3,867,1750204800,1763164800
3,869,1599091200,1607990400
3,869,1659484800,1749340800
3,895,1500980400,1510790400
3,895,1527465600,1542326400
3,895,1563267600,1574208000
3,895,1625961600,1635206400
3,895,1657497600,1667347200
3,895,1683753300,1699972200
3,895,1699981200,1778785200
3,896,1501066800,1510790400
3,896,1527465600,1542326400
3,896,1563267600,1574121600
3,896,1595980800,1604534400
3,896,1625961600,1667347200
3,896,1683745200,1699977600
3,896,1715097600,1730851200
3,896,1750291200,1763164800
3,917,1496136600,1497432600
3,917,1503273600,1542326400
3,917,1563177600,1574121600
3,917,1595980800,1683720000
3,917,1683720000,1778763600
3,962,1501185500,1505088000
3,962,1531440000,1540080000
3,962,1663646500,1667347200
3,1691,1598486400,1599148800
3,1691,1603390800,1643673600
3,1691,1647302400,1671481900
3,1691,1681430400,1716296400
3,1691,1716296400,NA
3,1754,1649203200,1668902400
3,1754,1681257600,1733684400
3,2123,1628784000,NA
3,2135,1626883200,1719424800
3,2135,1719428400,NA
3,2153,1757073700,NA
3,3114,1747526400,NA
3,3115,1690470000,1700062200
3,3115,1716811300,1733862700
3,3115,1746057600,1764025200
3,3115,1780686000,NA
3,3117,1695722400,1699293600
3,3117,1746525600,NA
3,3119,1683831600,1723481700
3,3121,1690455600,1698944400
3,3121,1716811300,1733862700
3,3121,1746057600,1764025200
3,3121,1780671600,NA
3,3122,1744124400,1763128800
3,3122,1780759000,NA
3,3125,1733684400,1777662000
3,3372,1683740200,1699981200
3,3372,1723481700,NA
3,3676,1701445200,NA
3,4055,1726272000,1730937600
3,4055,1757356000,1762453800
3,4055,1779268900,1780763300
3,4387,1744729200,NA
4,0,NA,NA
4,0,1731445200,NA
4,0,1754745300,NA
4,58,1462212900,1549459800
4,58,1565718900,1566308100
4,61,1565026600,1580977800
4,630,1445961600,1560384000
4,632,1457110700,1462383900
4,632,1462383900,1468688400
4,639,1458838800,1523145600
4,777,1473691500,1497362400
4,777,1497367800,1503117000
4,818,1487696400,1561930200
4,1022,1517244300,1565386200
4,1023,1517437800,1521368000
4,1023,1533686400,1536278400
4,1023,1551976200,1605640400
4,1023,1605640400,1650558000
4,1024,1517585400,1602600300
4,1024,1602600400,1612283600
4,1024,1623784000,1650455000
4,1024,1650468500,NA
4,1030,1517337900,1601660400
4,1030,1601660500,1650974700
4,1035,1512516600,1561563900
4,1043,1517507500,1536244200
4,1043,1562782700,1565718300
4,1046,1512419500,1517444200
4,1046,1524259800,1577607600
4,1054,1528729500,1575484200
4,1075,1520873100,1575487000
4,1075,1575487200,1600256500
4,1075,1600256600,1617038500
4,1096,1517410800,1526943600
4,1096,1535720400,1568488200
4,1116,1508772000,1517481000
4,1116,1537747200,1539043200
4,1116,1551445200,1618940400
4,1116,1618940500,1635151900
4,1240,1542206800,1575301900
4,1240,1600705700,1650891000
4,1240,1650901800,1754392400
4,1243,1548952200,1557923500
4,1261,1551294000,1552485600
4,1261,1552485600,1561399200
4,1261,1562787000,1582302600
4,1358,1561344100,1596487000
4,1372,1549552600,1560254500
4,1372,1608490500,1614871300
4,1372,1635204600,1741953500
4,1421,1561399200,1563189900
4,1421,1563190100,1564050600
4,1421,1569589200,1604421000
4,1421,1604421000,1614259100
4,1421,1635195600,1741788000
4,1422,1551875500,1602079200
4,1422,1602079200,1647106800
4,1422,1650991600,1754911200
4,1455,1562694900,1582147800
4,1470,1564174500,1578731400
4,1489,1551970800,1564054100
4,1489,1567604200,1570550400
4,1507,1575484800,1617032400
4,1508,1566597000,1567684900
4,1508,1567684900,1582898000
4,1559,1569426700,1589898600
4,1576,1573676400,1606494700
4,1576,1606496400,1632764500
4,1577,1555951700,1580908000
4,1577,1600191600,1635346700
4,1577,1635346800,1731679200
4,1589,1571659300,1572370800
4,1589,1576006000,1598376000
4,1602,1569426700,1602339300
4,1602,1602339700,1744612200
4,1849,NA,NA
4,1957,1600199000,1731771000
4,1963,1666301200,1775741400
4,1963,1775742300,NA
4,1984,1600435000,1650725400
4,2045,1604510100,1650925400
4,2165,1612900500,1617049200
4,2165,1617049900,1637006300
4,2230,1635172500,1741694500
4,2549,1635260400,1742119200
4,2583,1635105900,1649179500
4,2622,1634053500,1686528800
4,2681,1648144000,NA
4,2691,1650652800,1664387100
4,2720,1632775600,1749603300
4,2724,1650382500,1745542000
4,2726,1650567300,1698436900
4,2848,1650927200,1729522800
4,2848,1729522800,1753218300
4,2939,1650979300,1754827300
4,3031,1617039000,1731592800
4,3031,1744639700,NA
4,3100,1744737200,NA
4,3101,1711465200,NA
4,3157,1617033100,1627940900
4,3502,1711635700,NA
4,3755,1711230300,NA
4,4167,1741710600,1753654100
4,4296,1741802400,NA
4,4306,1731936600,NA
4,4357,1731593700,NA
4,4372,1741972500,NA
4,4376,1731700200,NA
4,4406,1731771000,NA
4,4564,1754838000,NA
4,4619,1754249300,NA
4,4624,1754488800,NA
4,4625,1754401200,NA
4,4626,1650740400,1754421200
4,4630,1754920800,NA
4,5087,1775412000,NA
4,5091,1775574000,NA
4,5163,1753887600,NA
4,5235,1742068700,NA
5,0,NA,NA
5,0,1766160000,1786478100
5,0,1769710100,1774368500
5,0,1771025500,NA
5,0,1773523200,NA
5,0,1773783600,NA
5,0,1773870200,NA
5,0,1774368600,NA
5,0,1779387000,1785420000
5,0,1780358400,NA
5,29,1434412800,1461110400
5,29,1464393600,1592760000
5,128,1632755500,1665924200
5,172,1620172800,1699889900
5,175,1557014400,1681574400
5,229,1430784000,1482238800
5,229,1482238800,1491782400
5,229,1491813000,1510358400
5,250,1632844800,1632844800
5,250,1632844900,1649721600
5,253,1397692800,1408060800
5,253,1408060800,1415750400
5,253,1415750400,1429879200
5,253,1429879200,1479427200
5,253,1479427200,1491696000
5,253,1491696000,1556665200
5,253,1556665200,1572091100
5,253,1572091300,1602766200
5,253,1602766200,1632848100
5,257,1398816000,1402099200
5,257,1402099200,1408147200
5,257,1429528400,1478649600
5,257,1478649600,1492180200
5,257,1492180700,1557100800
5,269,1599091200,1605744000
5,278,1399248000,1416355200
5,278,1416355200,1429443000
5,278,1429443000,1478563200
5,278,1478563200,1491651000
5,278,1491652900,1685091600
5,293,1397692800,1403654400
5,293,1403654400,1416182400
5,293,1416182400,1429094700
5,293,1429094700,1542758400
5,296,1567519200,1625065200
5,315,1467072000,1496793600
5,316,1399161600,1416355200
5,316,1416355200,1429453200
5,316,1429453800,1478563200
5,316,1478563200,1491409800
5,328,1404432000,1481068800
5,328,1481068800,1489968000
5,328,1489968000,1575763200
5,331,1398556800,1407974400
5,331,1407974400,1415664000
5,331,1415664000,1428591600
5,331,1428591600,1479686400
5,331,1479686400,1489536000
5,331,1489536000,1676147200
5,340,1398211200,1407801600
5,340,1407801600,1415750400
5,340,1415750400,1428689700
5,340,1428689700,1467072000
5,640,1625065100,1677790800
5,878,1601856000,1604523600
5,1161,1531094400,1599177600
5,1526,1570140000,1724180000
5,1653,1583712000,1713967200
5,1803,1593691100,1597968000
5,2029,1604502000,1662076800
5,2044,1604520000,NA
5,2285,1681574400,1696118400
5,2474,1685092200,1773766100
5,2811,1655078400,1666445300
5,2958,1713819600,NA
5,2971,1662076800,NA
5,3035,1665924200,1709668900
5,3035,1709668900,1764027000
5,3045,1666445300,1696535400
5,3145,1724180000,1774569600
5,3147,1676147200,1690999800
5,3170,1677790800,1713819600
5,3326,1713967200,1716249600
5,3329,1690999800,1737158400
5,3409,1696535400,1741529700
5,3411,1741374000,NA
5,3621,1741529700,NA
5,3806,1713830400,1773339600
5,3806,1773339800,NA
5,4421,1729814400,NA
5,4878,1764027000,NA
5,4949,1769378400,NA
5,4950,1769804700,NA
5,4956,1770404900,NA
5,4962,1779667200,NA
5,5023,1785420000,NA
5,5088,1774569600,NA
5,5093,1774463100,NA
5,5135,1774635400,NA
5,5136,1774550100,NA
5,5173,1775598500,NA
5,5196,1775043000,NA
5,5210,1774388400,NA
5,5264,1769623400,NA
5,5266,1770330200,1781627600
5,5266,1781627600,NA
5,5270,1774292400,NA
5,5277,1786478100,NA
5,5413,1775692800,NA
5,5428,1775580300,NA
6,164,1461342600,1581090300
6,164,1581090300,1594162800
6,164,1599782400,1618354800
6,188,1461259800,1577836800
6,215,1459895200,1580937500
6,218,1460132500,1580832000
6,218,1580936400,1618070400
6,1552,1618345000,NA
6,1695,1618175700,1689552000
6,1736,NA,NA
6,1933,1618520400,1741779200
6,2435,1580839200,1618498800
6,3398,1689552000,1741653000
6,4236,1741705200,NA
6,4237,1741865600,NA
7,58,1402612200,1415628000
7,58,1433500800,1446598800
7,543,1434528000,1444708900
7,544,1434369500,1445914800
7,545,1434009600,1445400000
7,546,1434369500,1445396400
7,589,1403615400,1410220800
7,598,1403039100,1415804400
7,598,1433491200,1666095900
7,663,1372636800,1372723200
7,663,1372723200,1388448000
7,663,1404151400,1414504800
7,664,1371125800,1383419300
7,664,1402959200,1409922000
7,665,1371864700,1377043200
7,665,1377043200,1378047500
7,665,1378049400,1383227600
7,665,1397786200,1399855200
7,665,1403298300,1405684700
7,665,1405690400,1406023200
7,665,1406047400,1406728200
7,665,1406728800,1410292700
7,666,1372717600,1383674800
7,666,1403272800,1414767600
8,547,1376330800,1382507300
8,547,1404777600,1414540800
8,563,1376327300,1383264000
8,563,1404777600,1414540800
9,60,1375365600,1385856000
9,60,1442667000,1451995100
9,61,1375459200,1383091200
9,61,1405347300,1416394800
9,61,1430514000,1451995100
9,62,1375351200,1383091200
9,62,1406111100,1407768300
9,62,1407768300,1410251400
9,62,1410251400,1415188000
9,62,1435776300,1449218000
9,65,1406558700,1407330000
9,65,1407330000,1414483200
9,549,1375453800,1383091200
9,549,1405956100,1416481500
9,549,1436296800,1449756000
9,549,1494360000,1500336000
9,549,1501617700,1611360000
9,549,1620316800,1671729200
9,586,1405359600,1416397400
9,586,1442434300,1447675400
9,586,1462462200,1489363200
9,586,1494288000,1498694400
9,586,1502136000,1503161100
9,725,1472745600,1552780800
9,3022,1676651000,NA
10,0,NA,NA
10,0,1533823200,1540425600
10,0,1683208800,1683223200
10,4,1369679400,1371148800
10,4,1371235200,1388534400
10,7,1536485400,1686077000
10,8,1563976800,1564408700
10,8,1629989800,1651585200
10,8,1651585800,1662753000
10,10,1563376500,1572876900
10,16,NA,NA
10,18,1407872900,1408492800
10,18,1408492800,1410566400
10,18,1410566400,1415059200
10,18,1434153600,1442361600
10,18,1443029800,1443114900
10,18,1443114900,1446053900
10,18,1471634700,1477330300
10,18,1502742700,1509198100
10,19,1407873500,1410625800
10,19,1410625800,1415059200
10,19,1438992000,1445904000
10,19,1470768900,1477340700
10,19,1502039000,1508523800
10,23,1554127200,1561647600
10,28,1407969300,1410631800
10,28,1410631800,1415145600
10,28,1537036200,1598356700
10,28,1626191100,1684425600
10,28,1684425600,NA
10,36,1407878500,1410373900
10,36,1410373900,1410566400
10,36,1410566400,1415059200
10,36,1470598400,1477760400
10,36,1503087700,1508617600
10,37,1410885800,1415059200
10,37,1441722600,1450051200
10,40,1410122900,1415059200
10,40,1434153600,1442689700
10,40,1443034200,1444416400
10,40,1444416400,1445968800
10,40,1471207200,1477500500
10,40,1533907200,1540512000
10,41,1407881100,1410620700
10,41,1410620700,1415059200
10,41,1439395200,1446562200
10,49,1407872300,1410615000
10,49,1410615000,1415059200
10,49,1441460400,1443037300
10,49,1652729200,1779976800
10,50,1407866400,1408291200
10,50,1408291200,1410096300
10,50,1410096300,1410610400
10,50,1410610400,1415059200
10,50,1438692600,1442102400
10,50,1443108600,1446055600
10,50,1471551200,1477324200
10,50,1502998400,1508620500
10,50,1554057300,1561240800
10,57,1408560300,1441460400
10,57,1443026600,1528398000
10,57,1528398000,1564948700
10,57,1564951800,1627646500
10,63,1365465600,1400371200
10,64,1366329600,1420759800
10,66,1365465600,1366675200
10,66,1379000800,1379182800
10,66,1379182800,1383577200
10,66,1406895000,1409356800
10,67,1379178800,1383579000
10,67,1383579000,1388448000
10,68,1554225700,1564704000
10,68,1568309400,1595005200
10,69,1402358400,1432252800
10,69,1536685200,1537196400
10,69,1597767000,1683208800
10,71,1365552000,1375747200
10,71,1376250200,1386255600
10,72,1376146800,1378728000
10,72,1378733400,1386255600
10,90,1427414400,1427846400
10,129,1565015300,1569628800
10,151,1709312400,1779903000
10,159,1554408000,1653489000
10,159,1653489000,1685912400
10,192,1411766000,1415059200
10,192,1437598000,1441915500
10,192,1441915500,1442436700
10,192,1442436700,1443461200
10,192,1443461200,1444996900
10,192,1444996900,1445978200
10,192,1470856800,1477593300
10,203,1536415200,1549472400
10,204,1411302000,1415059200
10,204,1433116800,1435708800
10,204,1435708800,1442430600
10,204,1442430600,1445973500
10,205,1464025000,1537606800
10,205,1565026000,1571961600
10,205,1600533100,1626190800
10,205,1683208800,1733331600
10,206,1411846500,1415059200
10,206,1438646400,1441719000
10,206,1441719000,1442430600
10,206,1442430600,1444944300
10,206,1444944300,1445976200
10,206,1470225400,1477827000
10,211,1411843100,1415059200
10,211,1501952400,1509287700
10,211,1519057300,1527690600
10,211,1536511000,1543248000
10,219,1411932200,1415059200
10,219,1434153600,1442685400
10,219,1442687900,1444420000
10,219,1444420000,1445968800
10,219,1471809000,1477333000
10,219,1502811600,1508607000
10,219,1519072000,1527686700
10,219,1568764800,1574294400
10,219,1659983400,NA
10,247,1370115000,1376582400
10,247,1378252800,1380499200
10,248,1369173600,1376917200
10,248,1559079700,1575244800
10,249,1369665000,1388534400
10,283,1410370800,1415059200
10,283,1439053800,1442361600
10,283,1442361600,1443124700
10,283,1443124700,1446048000
10,283,1533772800,1540512000
10,357,NA,NA
10,358,1365465600,1371928800
10,358,1371928800,1375453800
10,358,1376158800,1401235200
10,360,1365552000,1380566400
10,360,1380566400,1382295600
10,361,1380378000,1380460800
10,362,1365465600,1400284800
10,363,1365465600,1371909600
10,363,1372954200,1400371200
10,363,1563303300,1574791200
10,488,1363793400,1369656000
10,489,1434844800,1445299200
10,491,1408320000,1413158400
10,493,1408147200,1414886400
10,494,1363730400,1369252900
10,533,1375737300,1379005200
10,548,1380560400,1386176400
10,559,NA,NA
10,560,1366835200,1393601800
10,560,1439535600,1520262000
10,561,1375543800,1401062400
10,564,1365465600,1371993600
10,564,1371994200,1375401600
10,564,1375401600,1400371200
10,566,1365465600,1368015600
10,566,1368032400,1375466400
10,566,1375635600,1401148800
10,567,1365552000,1371945600
10,610,1375620600,1412208000
10,610,1559146900,1575115300
10,610,1683028700,1710968400
10,614,1369944000,1537036200
10,615,1366892400,1371940900
10,643,1537196400,1543334400
10,643,1553983900,1561654800
10,643,1662753500,1709312100
10,659,1382295600,1386262800
10,667,1380460200,1408579200
10,668,1370801200,1376524800
10,668,1376582400,1388534400
10,668,1388534400,1554408000
10,669,1371124700,1383264000
10,669,1683046800,1726242300
10,670,1369515000,1544810100
10,711,1367366400,1442793600
10,724,1627583700,1635863400
10,724,1652209200,1782504800
10,1140,1536942600,1543330800
10,1140,1544810100,1554249600
10,1140,1554249600,1565481600
10,1140,1568332800,NA
10,1433,1564408800,NA
10,1435,1689156900,1702571400
10,1437,1654608600,NA
10,1439,1656601000,1674679600
10,1441,1658063900,1668197800
10,1473,1651860000,NA
10,1474,1656520000,1669148400
10,1474,1687874400,1702481400
10,1492,1568332800,1654545000
10,1492,1654545200,1669226800
10,1716,1710969000,1757622700
10,2199,1680127200,1683046800
10,3153,1782512000,NA
10,3947,NA,NA
10,4135,1757172600,NA
10,4543,1779913500,NA
11,59,1414195200,1414540800
11,59,1439942400,1446508800
11,587,1405555200,1413849600
11,587,1441324800,1444348800
11,588,1408579200,1412640000
11,588,1439942400,1444521600
11,590,1404844200,1412899200
11,608,1377817200,1388448000
11,608,1409258400,1415059200
12,58,1376352000,1383004800
12,565,1378166400,1383091200
12,584,1377820800,1383231600
12,584,1409184000,1414627200
12,585,1402876800,1414195200
12,589,1410220800,1413504000
12,596,1375574400,1382140800
12,596,1409356800,1414540800
12,597,1376524800,1386028800
12,598,1379030400,1383868800
12,599,1402531200,1414368000
12,600,1376956800,1383136300
12,600,1409702400,1413676800
12,662,1377216000,1383523200
12,662,1410307200,1414454400
12,720,1410307200,1414454400
13,63,1372636800,1406073600
13,67,1437501400,1443524400
13,71,1407110400,1412812800
13,245,1374451200,1379894400
13,245,1405641600,1412467200
13,246,1375142400,1379462400
13,246,1405520600,1448841600
13,249,1405987200,1413244800
13,355,1375228800,1381276800
13,355,1405641600,1412467200
13,356,1375189200,1380067200
13,356,1405900800,1412899200
13,356,1437488600,1443520800
13,357,1374019200,1381276800
13,357,1436456000,1441370400
13,358,1405641600,1412553600
13,359,1375401600,1380153600
13,359,1406246400,1412640000
13,360,1406332800,1413849600
13,361,1376352000,1379894400
13,361,1407110400,1412812800
13,362,1407110400,1412812800
13,363,1406246400,1414454400
13,363,1468540800,1468540800
13,364,1375747200,1380240000
13,364,1405603300,1412726400
13,365,1405641600,1412726400
13,534,1373760000,1380499200
13,540,1375747200,1380499200
13,548,1375315200,1380067200
13,548,1406246400,1412640000
13,564,1365513500,1371993600
13,564,1405641600,1412553600
13,567,1374019200,1379980800
13,615,1374451200,1380240000
13,661,1375228800,1381276800
13,661,1381276800,1406073600
13,667,1374451200,1380369700
13,738,1374796800,1375228800
14,0,1668808800,1668808800
14,181,1498867200,1514505600
14,483,1404259200,1414022400
14,483,1432857600,1447027200
14,483,1464307200,1507766400
14,483,1507766400,1563926400
14,484,1373760000,1380412800
14,484,1405814400,1414713600
14,484,1430956800,1444521600
14,484,1464566400,1469577600
14,484,1492473600,1505779200
14,484,1505779200,1577923200
14,489,1406851200,1409443200
14,497,1372291200,1378252800
14,497,1378252800,1378339200
14,497,1406592000,1416710100
14,497,1431648000,1447027200
14,497,1465344000,1507075200
14,497,1507075200,1644537600
14,498,1400976000,1415404800
14,498,1430352000,1449360000
14,498,1461283200,1508371200
14,499,1373241600,1380240000
14,499,1405036800,1414108800
14,499,1429747200,1447632000
14,500,1373155200,1380153600
14,500,1405209600,1413849600
14,500,1432252800,1445817600
14,500,1459987200,1507161600
14,500,1507161600,1697238000
14,501,NA,NA
14,501,1373241600,1380326400
14,501,1430179200,1445731200
14,501,1465430400,1509062400
14,501,1509062400,1625756400
14,502,1372809600,1385078400
14,502,1401408000,1430956800
14,502,1431388800,1446854400
14,502,1461542400,1527764400
14,503,1376524800,1378425600
14,503,1378425600,1378512000
14,503,1404604800,1416960000
14,503,1429920000,1461542400
14,503,1462406400,1465948800
14,503,1469577600,1507680000
14,503,1507680000,1542672000
14,504,1401148800,1415491200
14,506,1372809600,1385164800
14,506,1402185600,1417219200
14,506,1431043200,1448064000
14,507,1405814400,1414713600
14,507,1428796800,1461542400
14,507,1463185500,1505692800
14,507,1540252800,1646238600
14,509,1402444800,1417219200
14,509,1461110400,1508198400
14,509,1527768000,1650758400
14,510,1403620900,1417219200
14,510,1432944000,1447200000
14,510,1465948800,1492560000
14,510,1508284800,1577893500
14,511,1402876800,1403620900
14,511,1431388800,1445299200
14,511,1465344000,1508284800
14,512,1430784000,1444435200
14,512,1461542400,1506816000
14,512,1506816000,1636848000
14,522,1434153600,1442102400
14,522,1462060800,1509235200
14,522,1511265700,1747270800
14,523,1469059200,1510099200
14,523,1510099200,1650542300
14,524,1434758400,1443225600
14,524,1473552000,1509235200
14,524,1509235200,1666101600
14,525,1435622400,1445126400
14,525,1560470400,1578355200
14,562,1366934400,1367020800
14,562,1374710400,1385078400
14,562,1.404e+09,1404086400
14,562,1404086400,1413133200
14,742,1469577600,1510531200
14,742,1510531200,1540252800
14,742,1559591400,1560470400
14,743,1469664000,1511222400
14,743,1528300800,1537544800
14,744,1468540800,1510358400
14,744,1510358400,1568462300
14,745,1465171200,1550331900
14,746,1469145600,1661958000
14,747,1464048000,1492948700
14,748,1471910400,1587427200
14,749,1549756800,NA
14,750,1474243200,1492128000
14,750,1492128000,1506816000
14,750,1506816000,1562946300
14,751,1468886400,1510704000
14,751,1510704000,1570031200
14,752,1470009600,1473552000
14,752,1475020800,1493337600
14,752,1529496000,1536278400
14,752,1557878400,1612224000
14,753,1493337600,1648846800
14,755,1560556800,1564617600
14,755,1618272000,1678474000
14,757,1464652800,1492732800
14,757,1492732800,1514764800
14,758,1463788800,1678114700
14,759,1528934400,1625659100
14,760,1467072000,1511265500
14,760,1559570400,1560812400
14,760,1560816000,1578268800
14,780,1366761600,1366934400
14,817,1490054400,1514764800
14,837,1488585600,1514764800
14,838,1490054400,1613952000
14,868,1489795200,1514764800
14,910,1489622400,1514764800
14,911,1494115200,1561593600
14,1017,1501718400,1505433600
14,1017,1526428800,1538438400
14,1167,1526342400,1539648000
14,1168,1526342400,1538438400
14,1679,1561507200,1571936400
14,1922,NA,NA
14,1953,1652913000,NA
14,2113,1650312000,1714834800
14,2212,1678122000,NA
14,2336,NA,NA
14,2337,1668693600,1680100200
14,2343,NA,NA
14,2350,1625688000,1757540200
14,2385,NA,NA
14,2440,1650844800,NA
14,2514,NA,NA
14,2649,NA,NA
14,2696,1648839600,1779976800
14,2723,1650585600,NA
14,2765,1652893200,NA
14,2872,1684244200,1768579200
14,2919,1660262400,1755555600
14,2920,1660262400,1747155600
14,2968,NA,NA
14,3038,1666126800,NA
14,3083,1668808800,1693593300
14,3083,1705251600,NA
14,3183,1678478300,NA
14,3193,1747155600,1758145000
14,3226,1680213600,NA
14,3259,1768582800,NA
14,3504,NA,NA
15,83,1700835100,1711929600
15,95,1700835100,1711929600
15,181,NA,NA
15,855,1700835100,1711929600
15,3115,1736899200,1741132800
15,3120,1712761200,1757894400
15,3123,1712149200,1712156400
15,3123,1712511000,1738281600
15,3123,1743778800,1745971200
15,3123,1746095400,NA
15,3125,1700227800,1700243100
15,3372,1702331400,1706322600
15,3740,1709676000,1710804600
16,167,1407860400,1415318400
16,214,1407882100,1415318400
16,231,1407537000,1415318400
16,273,1406542500,1415318400
16,312,1400616200,1415404800
16,322,1395669400,1406073600
16,351,1400084200,1415318400
17,550,1372636800,1376524800
17,550,1376784000,1384473600
17,550,1.404e+09,1410739200
17,607,1.404e+09,1411084800
18,4,1366358400,1367751700
18,4,1397773800,1399555200
18,4,1399555200,1399921800
18,71,1397773800,1399481900
18,71,1399481900,1399934300
18,245,1397772300,1399798400
18,247,1397774700,1399798700
18,249,1397817900,1399840800
18,536,1365866800,1369914500
18,536,1399986700,1401387500
18,536,1429257600,1431417600
18,536,1431441000,1433098800
18,561,1367280000,1368230400
18,584,1397771900,1399840800
18,767,1365950500,1369824600
19,552,1461482400,1463076000
19,552,1490090400,1494792000
19,552,1517748200,1523898000
19,552,1549342800,1557835300
19,554,NA,NA
19,554,1461571600,1463076000
19,554,1490526000,1494763300
19,554,1517751900,1519560000
19,554,1549281500,1551625200
19,554,1551632400,1555408800
19,556,1461591200,1463076000
19,556,1489838300,1494763300
19,556,1517596400,1525694500
19,556,1549018800,1557672000
19,557,1461569400,1462903200
19,557,1489917600,1490176800
19,557,1490180400,1494763300
19,557,1549018800,1557669600
19,558,1461419100,1463076000
19,558,1489752000,1494763300
19,558,1517592200,1525694500
19,624,1458579600,1504791000
19,624,1507215500,1663585500
19,625,NA,NA
19,626,1458903600,1504708200
19,626,1507221600,1673017200
19,627,1458648000,1504714500
19,627,1515240000,1525780700
19,859,NA,NA
19,863,1489093900,1504721700
19,863,1507228800,1645023600
19,863,1645041700,1645045200
19,1065,1673012100,1673363300
19,1094,1519210800,1525356000
19,1247,1552176000,1552404600
19,1247,1555329500,1557864000
19,1248,1552233600,1552928400
19,1248,1553167700,1553878800
19,1248,1557399600,1557576000
19,1249,1549454300,1555350700
19,1250,1552404600,1552928400
19,1250,1553187000,1553878800
19,1250,1555956700,1557576000
19,1250,1587294000,1587380400
19,1253,1553207000,1553878800
19,1253,1555415600,1556712000
19,1253,1587294000,1587380400
19,1254,1553208000,1553904000
19,1254,1556632800,1557144000
19,1254,1563753600,1563997200
19,1286,1527681500,1644883200
19,2665,1612879200,1621080000
19,4603,NA,NA
19,4795,NA,NA
20,0,1652284800,1652286600
20,498,NA,NA
20,512,NA,NA
20,753,NA,NA
20,759,NA,NA
20,1653,1568073600,1569110400
20,1653,1570147200,1570233600
20,2336,NA,NA
20,2343,NA,NA
20,2757,1652290200,1652486400
23,1485,NA,NA
23,3712,NA,NA
24,251,1399507200,1400630400
24,256,1399507200,1399740500
24,256,1399740500,1400630400
24,276,1399507200,1400716800
24,286,1399507200,1400716800
24,289,1399507200,1400630400
24,299,1399507200,1400716800
24,307,1399593600,1400716800
24,328,1399593600,1400716800
24,338,1399507200,1400630400
24,350,1399507200,1400716800
25,543,1508112000,1629331200
25,591,1406160000,1407196800
25,591,1407196800,1416873600
25,591,1416873600,1435104000
25,591,1435104000,1453248000
25,591,1463382000,1482476400
25,591,1489633200,1515024000
25,592,1411724200,1429056000
25,592,1429056000,1431475200
25,592,1431648000,1453248000
25,592,1461888000,1557014400
25,592,1567520400,1572897500
25,592,1586527200,1635379200
25,592,1636135200,1687651200
25,597,1402272000,1411724200
25,1049,1524234600,1543331500
25,4531,1750694400,NA
26,18,1399991400,1407542400
26,19,1402272000,1403136000
26,19,1403136000,1407542400
26,28,1400889600,1403308800
26,28,1403308800,1406577700
26,28,1406592000,1407679200
26,36,1402531200,1403136000
26,36,1403136000,1407542400
26,37,1400889600,1403308800
26,37,1403308800,1406505600
26,37,1406678400,1407628800
26,40,1403049600,1405987200
26,40,1405987200,1407542400
26,41,1402704000,1407542400
26,49,1402272000,1403136000
26,49,1403136000,1407628800
26,50,1400889600,1407542400
26,57,1403222400,1407542400
26,143,1433266600,1440633600
26,148,1434295300,1440633600
26,165,1433958800,1441292400
26,174,1433094500,1443225600
26,176,1433260400,1435690800
26,176,1435690800,1440547200
26,185,1433440500,1440633600
26,196,1435536000,1440547200
26,198,1433532400,1440547200
26,203,1.433e+09,1440633600
26,220,1433264000,1440633600
26,491,1435449600,1436400000
26,493,1435104000,1439496000
29,233,1462366800,1462368900
29,233,1462368900,1465199900
31,0,1536883200,1614816000
31,0,1540857600,1563062400
31,123,1460678400,1470355200
31,686,1470394800,1630250200
31,686,1706486400,1725922800
31,686,1726516700,NA
31,689,NA,NA
31,689,1466553600,1498953600
31,690,1465171200,1557792000
31,756,1469646000,1591574400
31,756,1729706400,1745838000
31,756,1775006000,1787529600
31,791,1476972000,1564617600
31,847,1487857700,1564617600
31,872,1488913200,1598313600
31,872,1622606300,1662058800
31,872,1664391600,1729706400
31,873,1480446000,1598572800
31,874,1490644700,1598572800
31,884,1489694500,1588291200
31,884,1709769600,NA
31,1059,1521817200,1588291200
31,1125,1535673600,NA
31,1170,1537833600,1739145600
31,1173,1537228800,1542412800
31,1262,1540512000,1598486400
31,1262,1724803200,NA
31,1421,1745838000,1749172400
31,1421,1787616000,NA
31,1615,1552348800,1598659200
31,1935,1539216000,1563062400
31,2035,1543190400,1603324800
31,2035,1760943600,NA
32,526,1435611600,1447351200
32,526,1465776000,1480118400
32,543,1471132800,1479168000
32,544,1472601600,1479513600
32,545,1447891200,1609459200
32,562,1431475200,1436315400
32,562,1436389200,1448143200
32,574,1409935900,1413756000
32,574,1430938800,1446156000
32,574,1470873600,1478736000
32,584,1431302400,1447884000
32,584,1470960000,1479600000
32,594,1436315400,1448143200
32,594,1466035200,1480204800
32,596,1431036000,1447970400
32,596,1471478400,1479168000
32,681,1431388800,1447884000
32,681,1470182400,1475020800
32,681,1477785600,1487116800
32,761,1465862400,1480291200
32,762,1466294400,1480982400
32,781,1472256000,1479254400
35,0,NA,NA
35,0,NA,NA
35,0,NA,NA
35,0,1523302800,1628275200
35,0,1759426200,1759426300
35,660,1460730600,1461083600
35,660,1461328300,1504094500
35,660,1505131300,1515686400
35,660,1525984500,1526860800
35,674,1461541200,1461714000
35,674,1461714000,1525374000
35,674,1525797200,1664971300
35,844,1492473600,1504699100
35,844,1504699300,1619632800
35,845,1493251200,1498147200
35,845,1502467200,1514995200
35,845,1524808800,1584536400
35,845,1584536400,1584536400
35,846,1492732800,1497355300
35,846,1502722800,1760529700
35,866,1493856000,1498060800
35,866,1498176000,1498176000
35,866,1498435200,1498435200
35,866,1502798300,1507982300
35,866,1557867600,1588262400
35,875,1491249700,1497542400
35,875,1503417600,1517832000
35,875,1525799400,NA
35,876,1461676700,1509724800
35,876,1527021300,1684943100
35,1198,1534291200,1536595200
35,1237,1523295100,1588262400
35,1237,1770120000,NA
35,1386,1562618800,NA
35,1741,1584536600,1607974900
35,1852,1554357600,1628266600
35,1869,1619647200,1701115100
35,1990,1601490600,NA
35,2179,1617645600,1774445700
35,2179,1774894200,NA
35,2182,1602705700,1603152000
35,2182,1628425200,1642587500
35,2629,1664985600,1664985900
35,3623,1701118000,1753707400
35,4743,1759426600,NA
36,116,1473292800,1478217600
37,555,1470784900,1660435200
37,653,1471625700,1511461800
37,1169,1536855600,1540598400
37,2716,1717329300,1750163200
37,2716,1750163200,NA
37,3046,1687651200,1700694000
37,3537,1603900800,1695837600
37,3537,1718559400,NA
37,3620,1700614900,1717329300
38,74,1432512000,1446508800
38,74,1463529600,1480291200
38,75,1432512000,1446422400
38,75,1463529600,1480550400
38,75,1495033200,1503271800
38,75,1503271800,1503271800
38,78,1463529600,1480550400
38,78,1495034400,1511856000
38,199,1463529600,1480291200
38,199,1495061200,1511769600
38,199,1527292800,1542153600
38,261,1406851200,1415232000
38,261,1503271800,1511856000
38,261,1527292800,1542153600
38,280,1405468800,1415232000
38,280,1432425600,1446508800
38,280,1463443200,1480550400
38,280,1494950100,1511769600
38,285,1405123200,1415232000
38,285,1432512000,1446422400
38,324,1405123200,1415232000
38,349,1405468800,1415232000
38,349,1432425600,1446508800
38,527,1436227200,1441670400
38,528,1436140800,1441929600
38,528,1468915200,1469815800
38,528,1470726900,1471019400
38,528,1502203800,1502319600
38,609,1463529600,1468540800
38,647,1463443200,1480550400
38,998,1494963700,1511856000
38,998,1527379200,1542153600
38,998,1558483200,1573603200
38,999,1495120800,1511769600
38,1175,1527292800,1542240000
38,1175,1558656000,1573689600
38,1176,1527206400,1542240000
38,1176,1558656000,1573603200
38,1177,1527206400,1542153600
38,1177,1558656000,1573689600
38,1335,1558483200,1573603200
38,1336,1558483200,1573603200
40,100,1435276800,1466294400
40,100,1466380800,1746144000
40,265,1403483000,NA
40,274,1395292800,1497657600
40,287,1405468800,1413504000
40,302,1403481600,1412812800
40,341,1401638700,1412121600
40,341,1433116800,1443052800
40,341,1464393600,1475193600
40,341,1501444900,1506556800
40,341,1519948800,1536969600
40,341,1552435200,1569801600
40,341,1584230400,1622160000
40,1099,1527465600,1721338100
40,2607,1724860800,NA
40,2712,1721338100,NA
40,3142,1749081600,NA
41,655,NA,NA
41,675,NA,NA
41,677,NA,NA
41,678,NA,NA
41,739,NA,NA
43,622,1408579200,1414800000
43,622,1414800000,1417564800
43,622,1417564800,1418342400
43,622,1418342400,1424217600
43,622,1438214400,1440547200
43,622,1440633600,1453334400
43,622,1453334400,1455580800
43,622,1455580800,1455840000
43,622,1458086400,1460505600
43,622,1460592000,1468281600
43,622,1468281600,1483747200
43,622,1483747200,1505260800
43,623,1407974400,1417564800
43,623,1417564800,1418342400
43,623,1418342400,1422835200
43,623,1437523200,1439769600
43,623,1439769600,1441152000
43,623,1441843200,1441929600
43,623,1441929600,1452038400
45,181,1410963200,1417737600
45,181,1443661200,1443754800
45,181,1443754800,1449320600
45,233,1411917800,1417737600
47,80,1430697600,1443571200
47,80,1447718400,1447804800
47,80,1468800000,1481587200
47,80,1493294300,1515510000
47,80,1523836800,1544572800
47,80,1547683200,1575417600
47,86,1430179200,1430784000
47,86,1431043200,1433894400
47,86,1438214400,1443657600
47,86,1444867200,1451260800
47,86,1462579200,1481500800
47,86,1492664400,1515542400
47,86,1523923200,1544140800
47,86,1554076800,1575417600
47,86,1623369600,1758859300
47,114,1430784000,1434672000
47,114,1435795200,1451260800
47,114,1469664000,1471910400
47,114,1471910400,1483488000
47,180,1431561600,1435190400
47,180,1435708800,1443571200
47,180,1444089600,1445817600
47,180,1445817600,1451260800
47,180,1461628800,1481760000
47,180,1494234000,1516888800
47,180,1524096000,1545091200
47,180,1554681600,1558224000
47,180,1568073600,1575417600
47,180,1596672000,1604682000
47,266,1400544000,1407110400
47,266,1407110400,1420070400
47,266,1431216000,1443744000
47,266,1444262400,1451260800
47,266,1462752000,1484006400
47,303,1400716800,1406160000
47,303,1406851200,1417305600
47,303,1431043200,1435708800
47,303,1437091200,1443657600
47,303,1464076800,1466447000
47,303,1493031600,1512604800
47,303,1524182400,1539993600
47,303,1554854400,1575417600
47,303,1620432000,1758873600
47,313,1400779600,1405900800
47,322,1406073600,1416441600
47,322,1430870400,1435708800
47,322,1436227200,1451260800
47,322,1461542400,1481760000
47,329,1400803200,1405987200
47,329,1406035100,1412121600
47,856,NA,NA
47,856,1499077200,1510930800
47,856,1531386000,1539907200
47,856,1540944000,1547164800
47,957,1501177000,1516665600
47,957,1524096000,1531137500
47,957,1531699200,1544486400
47,957,1558137600,1575417600
48,0,NA,NA
48,0,NA,NA
48,0,NA,NA
48,0,NA,NA
48,0,NA,NA
48,0,NA,NA
48,0,NA,NA
48,0,NA,NA
48,0,1556038800,1580572800
48,0,1574169000,1574170200
48,0,1622162000,1627243300
48,96,1496088000,1510099200
48,96,1510099200,1523276200
48,96,1523276200,1571846400
48,96,1571846500,1617820200
48,103,1471969800,1481673600
48,103,1481673600,1492560000
48,103,1492560000,1510099200
48,103,1510099200,1523227800
48,103,1523227900,NA
48,105,1461079800,1617732400
48,515,1649273300,1732712300
48,515,1732712400,1732712400
48,570,1439164800,1447286400
48,570,1447286400,1461016200
48,570,1461016200,1481760000
48,570,1481760000,1485129600
48,570,1492012800,1510099200
48,570,1510099200,1523284200
48,570,1523284200,1557360000
48,572,1439164800,1447286400
48,572,1461008600,1485129600
48,572,1492020000,1510099200
48,572,1510099200,1523030400
48,572,1523030400,1571773800
48,572,1571788800,1617916200
48,649,1415145600,1463008600
48,649,1477915100,1484231000
48,649,1487721600,1506027400
48,649,1509926400,1532277000
48,650,1463008600,1501624200
48,651,1415664000,1485372400
48,651,1501782300,1508418000
48,652,1571702400,1605225600
48,708,1500595200,1525953500
48,708,1525954200,1564790400
48,735,1500580900,1525953500
48,735,1525954200,1564790400
48,831,1484233200,1487376000
48,854,1485375400,1536883200
48,919,1502476200,1594992300
48,919,1622653400,1633129000
48,920,1501564800,1636650000
48,920,1670099300,NA
48,921,1501609900,1653235200
48,922,1501357200,1721937700
48,923,1500897500,NA
48,924,NA,NA
48,924,1500825600,1565740800
48,924,1565740800,1613572200
48,925,1501432400,1618428500
48,925,1618497500,1660564700
48,926,1502366500,1614276000
48,926,1622822400,1623159600
48,927,1501066800,1560963600
48,927,1560974800,1628604000
48,929,1501342800,1610474800
48,929,1610474800,1625068800
48,929,1628266800,1668004200
48,930,1501245000,1619020800
48,931,1501099300,1618245000
48,931,1622822400,1623159600
48,932,1501513500,1657818000
48,933,1500987600,1529236700
48,951,1502904600,1540771200
48,952,1503358800,1536883200
48,952,1536883200,1714590000
48,952,1714590100,1715047200
48,953,1502965800,1627660800
48,954,1506014700,1509926400
48,954,1533838800,1566864000
48,955,1502994600,1617109200
48,956,1508436000,1542569700
48,956,1546905600,NA
48,1048,1521139700,1617201000
48,1053,1522952400,1535470200
48,1053,1535470200,1535470300
48,1102,1532277900,1613116800
48,1102,1623160800,1633129100
48,1122,1535663400,NA
48,1174,1538664600,1630011600
48,1198,1536628700,1620828000
48,1199,1536645000,NA
48,1218,1541611800,1612198800
48,1218,1612199400,1615559400
48,1218,1620604800,1633129100
48,1220,1538168400,1617285600
48,1230,1535481000,1667836800
48,1232,1545868800,1555684200
48,1232,1596393900,1653494400
48,1239,1542573300,1565654400
48,1239,1574439600,1582243200
48,1239,1594728000,1595851300
48,1239,1595851300,1603411200
48,1251,1536636400,1618509600
48,1251,1628275200,NA
48,1252,1536632200,1611936800
48,1280,1551398400,1563926400
48,1297,1556224300,1628010000
48,1342,1556121600,NA
48,1343,1541102300,1613581200
48,1351,1559343200,1618502400
48,1352,1559253900,1618401500
48,1353,1559060700,1626465500
48,1386,NA,NA
48,1404,1556191700,1754676000
48,1407,1574168400,1657299600
48,1416,1564599600,1625151000
48,1424,1567123200,1599177600
48,1426,1564765200,1601663400
48,1443,1564516900,1608044400
48,1446,1568865500,1568865500
48,1446,1568865500,1579046400
48,1458,1565784000,1612801500
48,1460,1568325600,1604331600
48,1502,1561143600,1561154400
48,1502,1566568800,1566591000
48,1547,1568224300,1605286800
48,1548,1565740800,1597758000
48,1551,1569196800,1574553600
48,1552,1576962000,1597147100
48,1571,1570039200,1597161600
48,1574,1570139100,1615996500
48,1616,1569958100,1597770900
48,1652,1572388200,1625155200
48,1663,1564678800,1601652000
48,1665,1576781400,1596650400
48,1685,1595894400,1597932000
48,1713,1567747800,1657224000
48,1742,1536628700,1620828000
48,1745,1560792700,1618495200
48,1801,1593732900,1597233700
48,1820,1600275600,1750809600
48,1823,1600214400,NA
48,1824,1594243800,NA
48,1827,1616006300,NA
48,1841,1597161600,NA
48,1848,1597874400,NA
48,1851,1551225600,NA
48,1858,1594994400,NA
48,1861,1594593000,1680564600
48,1861,1722529800,NA
48,1862,1593646200,NA
48,1864,1594756900,NA
48,1865,1594396800,NA
48,1870,1597786200,1604188800
48,1879,1598472000,NA
48,1886,1605139200,1677283200
48,1887,1596729600,NA
48,1888,1596654000,1724824800
48,1888,1748284200,NA
48,1889,1602780500,NA
48,1892,1601652400,NA
48,1895,1597089500,NA
48,1898,1597150800,1712170800
48,1898,1712271600,NA
48,1911,1597761300,NA
48,1912,1597775100,NA
48,1917,1597937200,1599609600
48,1917,1599696000,NA
48,1920,1598043600,1659554000
48,1921,1598123600,NA
48,1923,1598263200,1598279400
48,1923,1598299100,NA
48,1930,1598563100,NA
48,1931,1598565600,1659567600
48,1940,1597244400,NA
48,1942,1599177600,NA
48,1953,1602259200,1636572500
48,1965,1611936800,NA
48,1967,1600473600,NA
48,1971,1600473600,NA
48,1991,1617732400,NA
48,1993,1601664000,NA
48,2022,1602627800,1639668600
48,2031,1603392300,NA
48,2037,1603238400,NA
48,2039,1603756800,1711039100
48,2039,1711039100,NA
48,2041,1617629400,NA
48,2042,1604337000,1706836500
48,2042,1712091600,NA
48,2052,1605286800,NA
48,2058,1610722800,NA
48,2063,1605810600,1617321600
48,2067,1559178000,1626453000
48,2076,1604415600,NA
48,2080,1608044400,NA
48,2091,1610649100,1610649200
48,2091,1610649200,1724867100
48,2091,1724867200,1780428200
48,2091,1780428300,NA
48,2093,1621627100,1787094000
48,2109,1612805400,NA
48,2113,1613140200,1641232800
48,2114,1613581300,1648114200
48,2121,1614276100,1748966400
48,2142,1615559700,NA
48,2146,1626447500,1721777400
48,2146,1779467400,NA
48,2171,1617111000,NA
48,2176,1617201000,NA
48,2177,1617287400,NA
48,2179,NA,NA
48,2180,1617827500,1752937600
48,2181,1625153800,1637107200
48,2184,1617916200,NA
48,2188,1618419600,NA
48,2192,1618245000,NA
48,2198,1618429400,1722528000
48,2203,1618505300,1780417800
48,2203,1780417900,NA
48,2204,1618519200,1753207200
48,2204,1755109800,NA
48,2205,1618526000,NA
48,2206,1626466600,1723741200
48,2210,1619020800,1665057500
48,2212,NA,NA
48,2220,1619726300,NA
48,2232,1622064300,NA
48,2236,1620828900,NA
48,2237,1620941400,1622757600
48,2237,1623340800,NA
48,2241,1620850600,1657645200
48,2241,1680569100,1709665200
48,2241,1721937700,NA
48,2246,1622228400,NA
48,2252,1659554000,1680544800
48,2254,1622154600,NA
48,2264,1622759400,1623340200
48,2264,1651244400,NA
48,2284,NA,NA
48,2337,1625155500,1625155500
48,2337,1625155500,1639506600
48,2339,1625151100,NA
48,2372,1626978000,1676485500
48,2372,1681509600,NA
48,2375,1627165400,1716137300
48,2375,1725998300,1746298200
48,2375,1746298400,NA
48,2376,1627245000,NA
48,2381,1627505200,NA
48,2383,1632864600,NA
48,2385,NA,NA
48,2392,1628016900,1692900000
48,2392,1692900100,NA
48,2398,1628609400,1781193600
48,2405,1627661000,NA
48,2411,1629237600,NA
48,2430,1629482400,NA
48,2433,1629930600,NA
48,2436,1629817200,NA
48,2444,1630014000,1635346800
48,2444,1653572700,NA
48,2454,1623162600,1659567700
48,2456,1635530400,NA
48,2487,1632517200,NA
48,2490,1632754800,NA
48,2534,NA,NA
48,2552,1635342300,1635342300
48,2552,1635342500,NA
48,2553,1758153600,NA
48,2561,1637094700,1637094900
48,2561,1637095600,1637095600
48,2561,1637095700,NA
48,2606,1639506600,NA
48,2609,1639668600,1755497700
48,2612,1648116100,NA
48,2617,1641234600,NA
48,2627,1668546000,NA
48,2629,1664985600,NA
48,2649,1646686800,1646854800
48,2696,NA,NA
48,2702,NA,NA
48,2709,1649866200,NA
48,2734,1651098600,NA
48,2775,1653421200,NA
48,2782,NA,NA
48,2787,1655162900,NA
48,2804,1660690800,1696119200
48,2804,1697501400,1763136000
48,2807,1655056300,1712768400
48,2807,1712770200,1748944800
48,2813,1655250000,NA
48,2849,1657224000,1749052800
48,2849,1749150000,NA
48,2852,1657293000,1748977200
48,2869,1658005200,NA
48,2871,1658016000,NA
48,2877,1658426400,NA
48,2886,1658516400,NA
48,2887,1658970000,NA
48,2896,NA,NA
48,2900,1659034800,NA
48,2905,1659567700,NA
48,2918,NA,NA
48,2922,1660593700,NA
48,2930,1660863000,NA
48,2932,1660930800,NA
48,2937,1661278700,NA
48,2938,1661351400,NA
48,2942,1661453200,1712938400
48,2942,1732478000,1733253400
48,2956,1661625900,NA
48,2963,1662051600,NA
48,2984,1663104000,NA
48,2988,1663267200,NA
48,2990,1663362000,1671727500
48,2990,1682011300,1701446400
48,2990,1713113200,1734391800
48,2990,1745427600,1763235300
48,2990,1777142300,NA
48,2992,1663786800,NA
48,3021,1665057900,NA
48,3032,1665781200,NA
48,3036,1665961200,1698598800
48,3041,1666288800,NA
48,3070,1721778200,1781038800
48,3090,1669910400,NA
48,3102,1667836800,1744227700
48,3110,NA,NA
48,3126,1685818800,1688997600
48,3141,1664563100,1713387600
48,3141,1724421000,NA
48,3149,1676485800,NA
48,3167,1691074800,NA
48,3226,NA,NA
48,3239,1680549200,NA
48,3351,1685640600,NA
48,3352,1685817000,1699420500
48,3352,1715050800,NA
48,3385,1718405400,NA
48,3390,1688138100,NA
48,3445,1691616000,NA
48,3450,NA,NA
48,3456,1664294400,1681128100
48,3504,NA,NA
48,3555,1697144400,NA
48,3578,1716137700,NA
48,3589,1698602400,NA
48,3607,1681128100,NA
48,3622,NA,NA
48,3623,NA,NA
48,3721,1709665300,NA
48,3790,1713387600,NA
48,3808,1744227600,NA
48,3821,1713371900,NA
48,3872,1748955600,NA
48,4000,1748966400,NA
48,4008,NA,NA
48,4140,1732712600,NA
48,4242,1754676000,NA
48,4743,NA,NA
48,5287,1781040000,NA
48,5291,1695738900,1695739100
48,5291,1781195400,NA
49,38,NA,NA
49,95,1717776000,1729803600
49,95,1745593200,1761229800
49,116,NA,NA
49,137,1718312400,1729782000
49,137,1745618400,1761249500
49,333,1780941600,NA
49,857,1717516800,1751036400
49,3209,1781872300,NA
50,2757,NA,NA
54,76,1428710400,1436572800
54,77,1436572800,1437955200
54,77,1438041600,1449360000
54,81,1428019200,1436918400
54,81,1438128000,1451174400
54,84,1427241600,1449014400
54,87,1427328000,1449014400
54,90,1428278400,1437091200
54,90,1437436800,1448928000
54,91,1427846400,1438300800
54,91,1438300800,1449360000
54,92,1426896000,1449446400
54,92,1438041600,1449446400
54,93,1426896000,1449619200
54,94,1427414400,1449100800
54,96,1427673600,1449100800
54,103,1427500800,1449100800
54,105,1427587200,1449014400
54,107,1427500800,1449100800
54,108,1428364800,1437177600
54,108,1437523200,1449446400
54,109,1427673600,1449532800
54,111,1427328000,1449014400
54,119,1428105600,1437091200
54,119,1437696000,1448928000
54,124,1427673600,1449273600
54,126,1427241600,1427673600
54,126,1428606000,1449014400
54,130,1427155200,1449014400
54,134,1437264000,1449446400
54,135,1428278400,1449273600
54,139,1428624000,1430265600
54,139,1437177600,1449273600
54,141,1428192000,1437177600
54,167,1426636800,1449532800
54,202,1426809600,1449619200
54,209,1409961600,1410134400
54,214,1426032000,1430265600
54,214,1437609600,1448928000
54,231,1426636800,1449619200
54,273,1426550400,1449187200
54,351,1426464000,1449014400
54,568,1440460800,1449100800
54,593,1436918400,1449273600
54,595,1440720000,1449619200
54,601,1436400000,1449187200
54,602,1436486400,1449532800
54,603,1436486400,1449532800
54,604,1441065600,1444003200
54,605,1436918400,1449273600
54,606,1436745600,1449360000
54,644,1438300800,1449187200
54,656,1436227200,1451865600
56,2223,1619908200,NA
56,2224,1619897300,NA
57,0,1771459200,1771530500
57,0,1771691400,1771691600
57,0,1783720600,NA
57,0,1787162400,NA
57,129,1611079200,1614636000
57,129,1620763100,1628809200
57,129,1701010800,1714132700
57,171,1423958400,1433116800
57,171,1456444800,1463529600
57,171,1611183600,1614636000
57,171,1619985700,1623952800
57,171,1632772900,1633215600
57,182,1491004800,NA
57,190,1428710400,1431648000
57,190,1460073600,1469404800
57,190,1474761600,1490572800
57,190,1611165600,1614636000
57,190,1633726800,1634396400
57,190,1634427000,1636135200
57,190,1648833300,1663876900
57,190,1664146800,NA
57,201,1429488000,1431734400
57,201,1459987200,1567382400
57,201,1569715200,1680446300
57,218,1632571100,NA
57,819,1490572800,1514764800
57,824,1487721600,1498154400
57,825,1487750400,1498147200
57,829,1493161200,1495375200
57,829,1611082800,1614636000
57,829,1615923800,1643716900
57,829,1649791700,NA
57,852,1490745600,1659868900
57,1051,1525366800,1526403600
57,1051,1550102400,1580218500
57,1546,1642615200,1679270400
57,1596,1665144000,1667574000
57,1596,1668614400,1682370000
57,1596,1689181200,NA
57,1661,1632168000,NA
57,1814,1663070500,1668178800
57,1814,1668978000,NA
57,1815,1741284000,1785515500
57,1815,1787070700,NA
57,2479,NA,NA
57,2536,1634401800,1698159700
57,2536,1698271200,NA
57,2565,1699725600,1741791500
57,2565,1760184000,NA
57,2711,1774742400,NA
57,2718,1650052900,1752494300
57,2783,1703635200,1715774500
57,2870,1741456800,NA
57,2914,1658066400,NA
57,2965,NA,NA
57,3006,1664373600,1729382400
57,3034,1664560800,1667419100
57,3034,1668465000,1693229200
57,3078,1647809400,NA
57,3147,1704819600,1708302600
57,3147,1708302600,NA
57,3162,1707782400,NA
57,3200,1740520800,NA
57,3261,1681689600,1741308000
57,3296,1700913700,1735603200
57,3296,1739491200,NA
57,3307,1700938800,1714478300
57,3307,1729620000,NA
57,3594,1767873500,NA
57,4228,1739570400,NA
57,4229,1739368800,NA
57,4967,1771530500,NA
57,4972,1771692000,NA
57,4985,1771977600,NA
57,5161,1775433600,NA
57,5172,1774029600,NA
57,5322,1771075800,1782345300
57,5322,1783720600,1783720600
59,160,1432288800,NA
59,183,1431561600,NA
59,581,1431475200,NA
59,646,1431475200,NA
59,737,1462480600,1476155000
59,737,1493899300,1567339300
59,1826,1590854400,NA
61,153,1433782100,1449070200
61,166,1436140800,1449014400
61,187,1433775700,1449075600
61,197,1432822100,1449061200
61,228,1432848300,1449014400
62,161,1421859600,1531915300
62,169,1422316800,1532044800
62,177,1421766000,1534377600
62,179,1423576800,1534334500
62,232,1421341400,1534636800
62,250,1447689600,1534377600
62,344,1418144400,1534377600
63,0,1655424000,1730154900
63,0,1777939200,NA
63,0,1778803200,NA
63,0,1778803200,NA
63,0,1778803200,NA
63,0,1778803200,NA
63,0,1781209900,NA
63,0,1786649300,NA
63,79,1428883200,1428969600
63,79,1429056000,1444780800
63,79,1460678400,1477008000
63,79,1491436800,1507827600
63,79,1525219200,1535328000
63,79,1556150400,1571356800
63,97,1428883200,1444780800
63,97,1463443200,1477008000
63,97,1492732800,1507824000
63,97,1525219200,1540598400
63,97,1556150400,1571356800
63,112,1429056000,1444435200
63,112,1462406400,1477008000
63,112,1493337600,1507827600
63,112,1524614400,1540598400
63,112,1556150400,1571356800
63,117,1429056000,1444435200
63,117,1460678400,1477008000
63,117,1491436800,1507852800
63,117,1525219200,1534377600
63,117,1556150400,1571356800
63,118,1429056000,1444780800
63,118,1460678400,1477008000
63,118,1491436800,1507831200
63,118,1525219200,1539129600
63,118,1556150400,1571356800
63,118,1588204800,1602806400
63,118,1652918400,1666137600
63,129,1429056000,1443657600
63,129,1460592000,1477008000
63,129,1491436800,1497888000
63,192,1497830400,1507820400
63,204,1497888000,1507838500
63,204,1525219200,1540598400
63,204,1556150400,1571356800
63,616,1461715200,1471564800
63,616,1494374400,1509580800
63,616,1525651200,1539388800
63,617,1462320000,1473033600
63,617,1493251200,1509580800
63,617,1525651200,1539388800
63,617,1556150400,1570233600
63,617,1588118400,1603152000
63,617,1.62e+09,1633737600
63,617,1651863600,1667260800
63,618,1463011200,1479686400
63,618,1491177600,1506729600
63,643,1461888000,1477008000
63,643,1491436800,1497830400
63,1681,1579734000,NA
63,1686,1580241700,NA
63,1694,1581724800,NA
63,1699,1582070400,NA
63,1734,1588204800,1602806400
63,1734,1619740800,1634774400
63,1734,1683676800,1697901600
63,1734,1715625600,1729188200
63,1734,1746798100,1761770000
63,1735,1687132800,1697815000
63,1735,1715096800,1727074300
63,1737,1588204800,1602806400
63,1737,1619740800,1634774400
63,1737,1652918400,1666137600
63,1737,1683676800,1697901700
63,1737,1715628900,1729190400
63,1737,1746801500,1761770000
63,1738,1588204800,1602806400
63,1738,1619740800,1634774400
63,1738,1652832000,1652913500
63,1738,1683758500,1697901600
63,1738,1715617200,1729182800
63,1738,1746788100,1758312000
63,1739,1588204800,1602806400
63,1739,1.62e+09,1634774400
63,1739,1652918400,1666137600
63,1739,1689724800,1697901600
63,1739,1715621100,1729184600
63,1740,1588204800,1602806400
63,1740,1619740800,1634774400
63,1740,1652140800,1666137600
63,1740,1683676800,1697901700
63,1740,1715640300,1727074600
63,1881,1683676800,1697901700
63,1881,1715632100,1729193100
63,1881,1746804500,1761770000
63,2706,1727650800,1729284600
63,2706,1744969500,NA
63,3223,1686528000,1697815200
63,3223,1715711600,1729025200
63,3223,1744980400,1761856300
63,3224,1684281600,1698192000
63,3224,1715014000,1729102500
63,3224,1744734200,1760470100
63,3225,1686528000,1697838700
63,3225,1715102300,1729281300
63,3225,1744976800,1761856300
63,3419,1727640000,1729196000
63,3419,1746807800,1761770000
63,4059,1727282800,1729181800
63,4323,1778803200,NA
63,4840,1758312000,1761770000
63,4841,1758304800,NA
63,5319,1777675500,NA
64,495,1365509900,1369909400
64,495,1399784800,1401388200
64,495,1429315200,1433966300
64,495,1436791200,1446819300
64,495,1457787900,1463580000
64,495,1463580300,1463580400
64,495,1463580400,1508151300
64,495,1509050800,1567382400
64,496,1367335000,1369872900
64,496,1399995000,1401387300
64,496,1401400800,1401753600
64,496,1429315200,1434571300
64,496,1435172400,1447590800
64,496,1457514600,1621555200
64,535,1365332900,1371588600
64,535,1398250400,1401392900
64,535,1429747200,1434571300
64,535,1435161600,1446897400
64,535,1457776900,1476830800
64,535,1477306000,1482202100
64,535,1488563300,1594339200
64,535,1609200000,1648472400
64,536,1459870800,1466017200
64,536,1466017200,1482835600
64,536,1488630400,1575849600
64,536,1609200000,1648472400
64,537,NA,NA
64,537,1365263000,1367763100
64,537,1397203200,1401019100
64,537,1431129600,1434571300
64,537,1435163400,1446815900
64,537,1446879600,1447434000
64,537,1457514900,1457515000
64,537,1457704800,1554508800
64,537,1554901200,1554901500
64,537,1560862000,1601424000
64,537,1616457600,1683054000
64,538,1365382500,1369953800
64,538,1398799200,1401388400
64,538,1429142400,1433966300
64,538,1435150800,1444664600
64,538,1457691100,1612051200
64,538,1619449200,1622073600
64,539,1366545700,1369985200
64,539,1397191300,1401680500
64,539,1428710400,1435174100
64,539,1435174100,1446912000
64,539,1458306000,1475110800
64,539,1476815700,1477930100
64,539,1478509400,1479601900
64,539,1480148100,1481780900
64,539,1488625500,1498034200
64,539,1501074700,1501626200
64,539,1502132400,1502150700
64,539,1502967000,1606694400
64,541,1399724700,1402735500
64,541,1429228800,1435147300
64,541,1435147300,1446125300
64,541,1446125400,1449481000
64,541,1462892400,1470775400
64,541,1472475400,1481059300
64,541,1488622000,1493251200
64,541,1494764500,1626868500
64,542,1397563100,1400960300
64,542,1429228800,1435147300
64,542,1435147300,1446125000
64,542,1446370800,1447407900
64,542,1447926000,1449224100
64,542,1457788000,1459094400
64,542,1462956400,1470775400
64,542,1472475400,1481059300
64,542,1488622000,1493251200
64,542,1494764500,1631697900
64,542,1649700000,1652186500
64,754,1458304100,1459185500
64,754,1459942100,1459942500
64,754,1459964900,1464094800
64,754,1464095100,1570233600
64,754,1572367500,1592611200
64,754,1596468600,1750935600
64,767,1469030800,1540684800
64,767,1551182300,1619728100
64,772,1476403200,1504908000
64,772,1504908000,1588204800
64,772,1618156800,1750762800
64,928,1503158400,1506196700
64,928,1506196700,1652709200
64,928,1678215600,1682532000
64,928,1683054000,NA
64,1113,1435752000,1446913300
64,1113,1446913800,1449397200
64,1113,1458298800,1458298900
64,1113,1459102000,1508261500
64,1113,1509051600,1509051600
64,1113,1509051800,1555437600
64,1113,1557860400,1560861800
64,1113,1561381200,1575763200
64,1113,1575763200,1612224000
64,1255,1545393700,1584532700
64,1256,1541664000,1648472400
64,1256,1648486800,1679947300
64,1256,1680894000,1680894300
64,1256,1681588700,NA
64,2377,1651510800,1666976400
64,2377,1666980000,NA
64,2823,1650996000,1683059500
64,2825,1651003100,1663007400
64,2826,1650844800,1676653200
64,2841,1651683600,1664384400
64,2888,1650834000,1650837600
64,2888,1650920400,1711465200
64,3095,1651085000,NA
64,3229,1680025900,NA
64,3263,1681857900,NA
64,3279,1683054000,NA
64,3280,1683050400,1698331900
64,3280,1699374800,NA
64,3281,1683059500,NA
64,3450,1751054300,NA
64,3554,1697128200,NA
64,3642,1702497500,NA
64,3849,1715882400,NA
64,3860,1663273000,1668544300
64,3860,1680894600,NA
64,4549,1751036400,NA
65,0,NA,NA
65,104,1429056000,1457654400
65,122,1460505600,1471996800
65,131,1429056000,1504915200
65,136,1429056000,NA
65,642,1460332800,1501200000
65,642,1501200000,1502841600
65,642,1502841600,1679956200
65,704,1490184000,1495843200
65,773,1472428800,1622681100
65,1244,NA,NA
65,1589,1679916500,NA
65,1704,1580947200,NA
65,1901,1586995200,1590192000
65,1984,1679959800,1681344000
65,1984,1745087400,NA
66,274,1401580800,NA
67,101,1434931200,1445731200
67,101,1467310300,1476921600
67,101,1500133100,1510185600
67,101,1528003800,1529172000
67,101,1529172100,1539216000
67,101,1559917800,1567036800
67,287,1434758400,1442966400
67,287,1467058200,1476222300
67,287,1496852500,1508284800
67,287,1528977700,1538913500
67,287,1559829600,1565654400
67,287,1658707200,1658707200
67,302,1435017600,1444435200
67,302,1467603000,1471185900
67,302,1499529000,1508284800
67,302,1527984000,1528675200
67,302,1528909200,1531350000
67,302,1531396900,1535241600
67,891,1496693800,1498849200
67,891,1498855300,1509580800
67,891,1528027100,1539561600
67,891,1560556800,1569801600
67,891,1718205600,NA
67,1340,1528156800,1548288000
67,1340,1559869200,1568160000
67,1340,1623974400,1632960000
67,1340,1659265200,1663761500
67,1382,1559952000,1570060800
67,1387,1560988800,1565654400
67,1485,1658707200,1663761500
67,1485,1687441500,NA
67,1715,1719275400,1723214200
67,2117,1626652800,1634663400
67,2117,1634688000,NA
68,98,1436302800,1469318400
68,1658,1497571200,1563753600
68,2168,1627161100,1656784800
68,2168,1656784800,NA
68,2651,1690045200,NA
72,153,1467389700,1470064400
72,153,1470068400,1477326000
72,159,1437173800,1437261000
72,159,1437261000,1444267800
72,159,1467389800,1470064600
72,159,1470069100,1474129900
72,159,1474133900,1477499900
72,225,1437750000,1444307500
73,516,1435104000,1485561600
73,517,1438041600,1485561600
73,518,1438041600,1485561600
73,519,1438560000,1485561600
73,520,1429056000,1485561600
73,521,1437955200,1485561600
74,0,1525698000,1525824000
74,477,1429203600,1477583900
74,478,1429369200,1477929300
74,478,1501156900,1504224000
74,479,1428940800,1454112000
74,479,1458295200,1477501300
74,480,1430759700,1450224000
74,480,1458166800,1466620200
74,480,1466629400,1473973200
74,480,1473973200,1477412900
74,480,1600732800,1657630300
74,481,1460999200,1536944400
74,481,1536947700,1558022400
74,481,1563817900,1576090600
74,481,1589294300,1605366100
74,481,1617397500,1639549400
74,481,1648533800,1702551800
74,486,1429806600,1477764900
74,513,1430330600,1460132500
74,513,1460133000,1649277000
74,514,1430495100,1450224000
74,514,1458301400,1627076700
74,515,1429950600,1454112000
74,515,1458313200,1487955800
74,515,1527679700,1543055400
74,529,1458832400,1488053800
74,600,1429889400,1472320800
74,600,1472661400,1478676500
74,636,1505936400,1515024000
74,698,1461877200,1495445000
74,698,1526149800,1627964200
74,826,1505293200,1515024000
74,1098,1527170400,1541851100
74,4058,1725896200,NA
75,113,1438222100,1442188800
75,115,1438307600,1442448000
75,120,1438307600,1442448000
75,121,1438214400,1442361600
75,122,1438135800,1442275200
75,123,1438135800,1442188800
75,125,1438308600,1442361600
75,132,1439337600,1442016000
75,170,1438308500,1442448000
75,645,1438128000,1442275200
76,0,1785542400,NA
76,0,1785542400,NA
76,0,1787529600,NA
76,241,1429358300,1432224000
76,241,1441627100,1444579200
76,241,1460129700,1472373000
76,242,1429358300,1432224000
76,242,1441627100,1444579200
76,242,1460129800,1480075300
76,242,1490954400,1490954500
76,242,1490954500,1495468800
76,242,1503673200,1511460000
76,242,1520870400,1527258200
76,242,1534839900,1543312800
76,242,1564477200,1565935200
76,243,1429358300,1432224000
76,243,1441627100,1444492800
76,243,1460126300,1480420900
76,243,1488376800,1517910800
76,243,1520872300,1596654000
76,243,1596662100,NA
76,244,1429358300,1432224000
76,244,1441627100,1444579200
76,244,1460129900,1480420900
76,244,1488376800,1507199400
76,244,1521716100,1555286400
76,244,1564480800,1564790400
76,244,1565949600,1596643200
76,244,1596645000,1596646800
76,244,1596652200,1692230100
76,244,1692230400,1693317500
76,703,1474649100,1480680000
76,703,1488470400,1510855200
76,851,1492776000,1508144400
76,851,1510055200,1682812800
76,851,1693317600,1706745600
76,853,1490182700,1510054800
76,853,1514764800,1546300800
76,853,1546300800,1577836800
76,853,1583794800,1583798400
76,853,1583798400,1591574400
76,853,1591574400,1779192000
76,968,1505387800,1507279600
76,968,1509013400,1773273900
76,968,1773274200,1773274800
76,988,1498582800,1509012900
76,988,1514764800,1546300800
76,988,1546300800,1577836800
76,988,1583794800,1583798400
76,988,1583798400,1591574400
76,988,1591574400,1690847700
76,988,1690848000,1779192000
76,989,1508146800,NA
76,990,1507281700,NA
76,995,1507201200,1517910800
76,995,1520504700,NA
76,1191,1404345600,1406937600
76,1191,1435795200,1438387200
76,1191,1469750400,1472342400
76,1191,1537884000,1542672000
76,1191,1555329500,1648814300
76,1191,1648857600,NA
76,1212,1542672000,1773878700
76,1265,1552572000,NA
76,1774,1629720000,1629721900
76,2239,1685577600,1693094400
76,2239,1693180800,1693184400
76,2239,1693184400,1700092800
76,2239,1700093000,NA
76,2295,1619827200,NA
76,2305,1619827200,1773101000
76,2305,1773101400,1778112000
76,2305,1778112300,NA
76,2306,1619827200,1773101000
76,2306,1773101400,NA
76,2307,1619827200,NA
76,2524,1773275400,NA
76,2902,1659312000,1782286000
76,2903,1659312000,1782286000
76,3265,1680307200,1767225600
76,3342,1682899200,1751328000
76,3468,1691452800,1727654400
76,3468,1727740800,1727827200
76,3468,1728259200,1754265600
76,3468,1754266200,1785456000
76,3468,1785542400,NA
76,3519,1695081600,1724112000
76,3519,1724198400,1754265600
76,3519,1754266200,NA
76,3604,1754179200,1754956800
76,3701,1706746200,1709251200
76,3701,1709254800,NA
76,4022,1725148800,NA
76,4023,1725148800,NA
76,4070,1761955200,1762387200
76,4606,1754006400,NA
76,5021,1773879000,NA
77,0,1462924800,1472601600
77,2,1431302400,1435622400
77,2,1435708800,1438347600
77,2,1463184000,1472601600
77,3,1438732800,1443571200
77,707,1465171200,1468454400
77,713,1464220800,1472601600
77,727,1434240000,1435708800
77,809,1462579200,1468627200
78,0,NA,NA
78,0,1722546000,1723313000
78,0,1784056400,NA
78,0,1784134800,NA
78,0,1784218800,NA
78,0,1785530800,NA
78,0,1785850200,1788021100
78,0,1785855900,NA
78,0,1786023600,1788103300
78,0,1786035600,NA
78,0,1787867400,NA
78,4,1437573600,1440460800
78,4,1529868300,1543276800
78,10,1529756300,1544635500
78,12,1467039600,1479037700
78,41,NA,NA
78,42,1529776800,1543922400
78,42,1561485600,1567900800
78,42,1567900800,1572892200
78,48,1529699100,1545234600
78,67,1466781400,1479427200
78,67,1498578200,1510143900
78,67,1529675600,1544714800
78,71,1438164000,1440608400
78,71,1468195200,1479648000
78,71,1498309400,1510060800
78,71,1529612200,1534464000
78,72,1500474400,1510069500
78,72,1563370200,1567900800
78,72,1567987200,1572985900
78,72,1593475200,1603843200
78,158,1437400800,1440504000
78,158,1529768300,1543929300
78,221,NA,NA
78,245,1437559200,1440410400
78,245,1466467200,1478822400
78,245,1529600100,1534464000
78,248,1437537500,1440493200
78,248,1467158400,1472255400
78,248,1559001600,1559079600
78,248,1594252800,1605654000
78,248,1625097600,1637505500
78,249,1437580800,1440514800
78,249,1467072000,1476316800
78,249,1498224000,1509978600
78,249,1529425800,1544468400
78,355,1438264800,1440676900
78,355,1467158400,1476230400
78,355,1563459300,1566604800
78,356,1467072000,1476316800
78,356,1498147000,1509914500
78,357,1529684700,1544720100
78,357,1563235200,1567900800
78,357,1567987200,1574094600
78,357,1594405800,1603926000
78,357,1627403400,1634562000
78,358,1438358400,1459382400
78,358,1467244800,1532044800
78,358,1532044800,1541203200
78,358,1559055600,1561468500
78,358,1565105400,1567900800
78,358,1567900800,1603929600
78,358,1626026400,1626854400
78,358,1657815900,1669852800
78,359,1438099200,1440511200
78,359,1501027200,1514073600
78,360,1438084900,1440403200
78,360,1498235500,1509973400
78,361,1437562800,1440504000
78,362,1438599600,1459382400
78,362,1498064500,1505347200
78,363,1468800000,1476316800
78,363,1476318000,1476489600
78,363,1534464000,1544026200
78,364,1466985600,1476403200
78,365,1467072000,1476316800
78,365,1498077200,1509983700
78,365,1534464000,1536710400
78,365,1536710400,1544119800
78,365,1564061400,1567900800
78,365,1568073600,1573758000
78,365,1593455400,1605628800
78,365,1625011200,1646159100
78,365,1663180200,1664042400
78,548,1498056800,1509996300
78,548,1561543200,1574872200
78,561,1466985600,1473897600
78,564,1474038000,1479580700
78,566,1466985600,1469577600
78,566,1469577600,1473424300
78,566,1498592300,1510084900
78,610,1594126800,1603839600
78,610,1625502600,1635004200
78,610,1658925000,1663180200
78,610,1664294100,1670946300
78,641,1498659600,1509494400
78,641,1564358400,1567987200
78,641,1567987200,1572965800
78,641,1594324700,1595620900
78,661,1469059200,1476316800
78,661,1529439600,1544473200
78,669,1669852800,1670947200
78,724,NA,NA
78,977,1785524400,NA
78,1435,1782752400,NA
78,1438,1754505600,1764084600
78,1438,1781801300,NA
78,1441,1781810000,NA
78,1479,1564358400,1565481600
78,1479,1566604800,1567814400
78,1479,1578664800,1579219200
78,1479,1658336400,1658931300
78,1479,1658931300,1671117000
78,1479,1725903600,NA
78,1480,1561468500,1565105400
78,1480,1578664800,1579219200
78,1480,1694791200,1766078100
78,1481,1563494400,1572652800
78,1481,1578664200,1579219200
78,1481,1691161200,1694791200
78,1492,1784140800,NA
78,1690,1628773200,NA
78,1716,1595604500,1603839600
78,1716,1625184000,1643825200
78,1716,1657809000,1671631200
78,1716,1758121200,NA
78,1717,1594936800,1603148400
78,1717,1626825600,NA
78,1718,1595952000,1603839600
78,1718,1625616000,1646420100
78,1719,1657898400,1671129900
78,1719,1681926300,1721154600
78,1720,1595356200,1605567600
78,1720,1625767200,1646413600
78,1720,1657895400,1671120000
78,1720,1681758000,1690381800
78,1720,1720977300,1732635000
78,1720,1749147600,1774297200
78,1720,1778683500,NA
78,1722,1599004800,1603926000
78,1723,1664551600,1677166000
78,1723,1682088000,1753295400
78,1723,1753295400,1766063600
78,1724,1595437200,1603148400
78,1724,1626809500,1646133600
78,1724,1658851200,NA
78,1725,1635004200,1642518000
78,1725,1657890000,1673541000
78,1725,1682443500,1694704300
78,1730,1595448000,1605654000
78,1730,1625702400,1638316800
78,1730,1681920000,1721839700
78,1730,1721839900,NA
78,1731,1690395600,1701964800
78,1756,1625331600,1643814900
78,1756,1658328700,1670940900
78,1756,1682095200,1688947200
78,2199,1628010000,1642708700
78,2199,1658412000,1663948800
78,2199,1687962200,1720980000
78,2199,1720980100,1754930000
78,2199,1754930000,1765296000
78,2199,1782828000,NA
78,2200,1632166800,1642708700
78,2200,1658408400,1663948800
78,2200,1688734800,1690395000
78,2654,1721851100,1732626000
78,2654,1749054600,1771297800
78,2654,1782833700,1785855600
78,2654,1788021100,NA
78,2655,1657040100,1663891200
78,2655,1686312000,1786010400
78,2655,1788103300,NA
78,2753,1670479200,NA
78,2754,1753813800,NA
78,2755,1670509800,1691953200
78,2755,1753712100,1764268900
78,2755,1781703000,1781703000
78,2755,1781704000,NA
78,3152,1689701400,NA
78,3188,1690382300,1701961200
78,3189,1689051600,1758121200
78,3189,1782756600,NA
78,3190,1689249500,1725903600
78,3190,1753990800,1765288800
78,3205,1746549000,NA
78,3206,1753704000,1764272600
78,3206,1781709300,NA
78,3207,1754501800,1764088200
78,3207,1781796900,NA
78,3215,1691953200,NA
78,3216,1689163300,NA
78,3217,1719526700,1734121900
78,3217,1754492400,1764257400
78,3217,1781721000,NA
78,3955,1721925600,NA
78,4132,1718285400,NA
78,4135,1721154700,1750168800
78,4151,1732546800,1732643200
78,4641,1755204400,NA
78,4642,1753574400,1755196200
78,4909,1766078100,NA
78,4910,1766064900,1783967400
78,5427,1784138400,NA
78,5434,1783616100,1784399100
78,5434,1784399100,NA
78,5446,1783967700,NA
78,5448,1784044800,NA
78,5449,1784052000,NA
78,5453,1784235600,1785867500
78,5453,1787667600,NA
78,5454,1784307800,1785849900
78,5454,1785867600,1787867400
80,569,1440100900,1445731200
80,571,1439999700,1445040000
80,573,1439397600,1443830400
80,575,1440002400,1446249600
80,576,1442188800,1443744000
80,577,1439398800,1444089600
80,578,1440440000,1444348800
81,551,1466258400,1472774400
81,612,1465477200,1472036400
81,613,1466182800,1472029200
81,741,1466166700,1472205600
82,619,1447166300,1457465300
82,619,1468540800,1468627200
82,620,1470268800,1640908800
82,621,1445212800,NA
83,181,1443658800,1443661200
83,181,1473072900,1481328000
83,233,1569672000,1578934800
84,579,1443672000,1454040000
84,579,1459246000,1521936000
84,579,1524096000,NA
84,611,1438833700,1454040000
84,611,1458642700,NA
84,3889,1710288000,1733245200
84,3889,1740571100,NA
85,628,1462982400,1583942400
85,2973,1677686400,NA
90,77,1522800000,1528761600
90,92,1490968000,1496880000
90,92,1522368000,1528761600
90,94,1490884700,1496880000
90,94,1522540800,1528761600
90,107,1490711400,1497052800
90,107,1522972800,1528761600
90,119,1485907200,1486425600
90,119,1490810400,1496880000
90,629,1459555200,1460678400
90,629,1460678400,1462752000
90,629,1489105900,1504656000
90,629,1505347200,1528761600
90,631,1458604800,1462665600
90,631,1490568200,1497052800
90,631,1522281600,1528761600
90,633,1445904000,1446163200
90,633,1458259200,1462924800
90,633,1490899200,1496966400
90,633,1522454400,1525737600
90,634,1459123200,1462924800
90,634,1489164700,1496966400
90,634,1524268800,1525824000
90,635,1445990400,1446163200
90,635,1460764800,1463011200
90,635,1489068000,1490313600
90,635,1490313600,1496880000
90,635,1522172400,1528761600
90,636,1459382400,1462924800
90,636,1489092000,1496966400
90,636,1522195200,1528761600
90,637,1459209600,1463011200
90,637,1490799900,1496880000
90,637,1522540800,1528761600
90,638,1445904000,1446163200
90,638,1459123200,1472601600
90,638,1472860800,1490392800
90,638,1490392800,1504569600
90,638,1505347200,1539043200
90,826,1490659200,1496880000
90,826,1522368000,1528761600
90,827,1489249800,1496880000
90,827,1522195200,1528761600
91,32,1475622300,1494594000
91,203,1443117600,1446105600
91,203,1446105600,1446386400
91,203,1446386400,1488228200
91,220,1443182300,1446105600
91,220,1446105600,1446387300
91,220,1446387300,1446566400
91,220,1446566400,1446639900
91,220,1446640000,1499940900
92,0,1530590500,1536255000
92,0,1561377500,1568894500
92,671,1468598400,1478030300
92,671,1493200800,1509537500
92,671,1529917200,1571788800
92,672,1463140900,1466068200
92,672,1466068200,1478030300
92,672,1493132400,1571875200
92,673,1463140900,1466092800
92,673,1466092800,1509552000
92,803,1463167400,1466604000
92,803,1466618400,1493132400
92,965,1497614300,1539363600
92,969,NA,NA
92,1128,1530763300,1536258600
92,1271,NA,NA
92,1384,1562563800,1562566100
92,1384,1562567400,1562571000
92,1384,1562673700,1562709600
92,1384,1564491000,1568894500
92,1493,1564497000,1568894500
92,1494,1564497000,1568894500
92,1536,1564502400,1568894500
92,3329,NA,NA
96,816,1486058400,1494255600
96,816,1494255600,1614777600
96,816,1614777600,1650546300
96,3267,1650552600,NA
101,3927,1717632000,1718323200
101,3927,1722038400,1724025600
101,3927,1724544000,1726531200
101,3927,1746041300,1749664800
101,3927,1754481700,1757088000
101,3927,1779494400,NA
101,4427,1745691400,1745691900
101,4427,1745951100,1749664800
101,4427,1754438400,1757088000
101,4427,1779494400,NA
101,4428,1745778300,1745778600
101,4428,1745960400,1749664800
101,4428,1754438400,1757088000
101,4428,1779494400,NA
105,10,1467298000,1478349000
105,42,1467216800,1478343400
105,158,1467287900,1478358000
105,357,1467237800,1478357100
105,359,1467885600,1478822400
105,641,1467839700,1478880900
106,482,1465398300,1780667100
106,5378,1780667100,NA
107,582,1440198000,1447711200
107,582,1463270400,1472846300
107,582,1472848300,1486458000
107,582,1503360000,1735689600
107,583,1440115200,1447783200
107,583,1470182400,1477353600
107,776,1473705500,1478044800
110,547,1469611900,1476230400
110,563,1438387200,1446483600
110,563,1469006500,1476230400
112,123,1471651200,1480550400
113,0,1556042400,1556042400
113,1004,1506816000,1572631200
113,1005,1506556800,1506729600
113,1005,1506801700,1640260900
113,1006,1506801700,1640174300
113,1007,1506816000,1640174300
113,1008,1506729600,1640174300
113,1009,1506801700,1640174300
113,1010,1506801700,1639224000
113,1011,1507723300,1541203200
113,1011,1561647600,1566219600
113,1012,1507809500,NA
113,1013,1506628900,1506729600
113,1013,1506801700,1696403300
113,1013,1696406900,NA
113,1062,1524096000,1555722000
113,1063,1525219200,1565136000
113,1063,1565172000,NA
113,1080,1528329600,1561644000
113,1081,1527120000,NA
113,1082,1528981200,NA
113,1083,1526342400,NA
113,1105,1526342400,1604581200
113,1105,1617876000,1627862400
113,1105,1628773200,1640260900
113,1106,1530144000,1617872400
113,1107,1530057600,NA
113,1108,1532563200,NA
113,1148,1536843600,1745417600
113,1151,1537794000,1565956900
113,1151,1597842000,1608037200
113,1151,1627563600,1628758800
113,1159,NA,NA
113,1166,1540339200,1565568000
113,1166,1565956900,1714469800
113,1226,1545310800,1564272000
113,1227,1545224400,NA
113,1259,1542027600,NA
113,1295,1554465500,NA
113,1305,1556042400,1663059600
113,1305,1663059600,1714404900
113,1410,1556208000,1714381600
113,1413,1660649600,1671629000
113,1420,1564236000,NA
113,1451,1563800400,NA
113,1452,1564488000,NA
113,1454,1566914400,NA
113,1456,1564052400,1625140700
113,1457,1562850000,1568041200
113,1457,1568044800,1614081500
113,1457,1614945500,1648641500
113,1457,1648641500,NA
113,1461,1566313200,NA
113,1468,1565881200,1573718400
113,1468,1573719300,1579611600
113,1468,1590667300,NA
113,1469,1566489600,1596326400
113,1469,1682006400,NA
113,1477,1566475300,NA
113,1486,1565884800,1568044800
113,1486,1568048400,1596042000
113,1486,1625670000,NA
113,1490,1566219600,1573052400
113,1490,1625148000,NA
113,1511,1563544800,NA
113,1512,1564570800,1573840800
113,1512,1595257200,NA
113,1515,1567522800,1595239200
113,1515,1595257200,1595257200
113,1515,1614902400,NA
113,1518,1567692000,NA
113,1520,1556179200,1714479700
113,1522,1568732400,1573569000
113,1522,1596207600,1607990400
113,1522,1634040000,1640260900
113,1522,1664884700,1679659300
113,1522,1695060000,1711386000
113,1522,1726851600,NA
113,1524,1626793200,1727784000
113,1525,1573052400,1596020400
113,1525,1627560000,1638748800
113,1525,1658318300,1726747100
113,1525,1726747100,NA
113,1750,1596096000,1672912400
113,1751,1598022000,1676552100
113,1752,1596495600,NA
113,1777,1595257200,NA
113,1793,1596020400,NA
113,1794,1596045600,1615554000
113,1794,1615557600,1615561200
113,1794,1615561200,NA
113,1904,1597676400,NA
113,1927,1602158300,NA
113,1934,1602172800,1696327200
113,1946,1600693200,1734355200
113,2074,1607518800,NA
113,2110,1617278500,1619002800
113,2110,1619017200,1714476700
113,2111,1613667600,NA
113,2148,1616166000,NA
113,2214,1625742000,NA
113,2221,1619089200,1619092700
113,2221,1619092700,NA
113,2338,1627560000,1638748800
113,2338,1658318300,1726747100
113,2338,1726747100,NA
113,2355,1625842800,NA
113,2434,1629374500,NA
113,2483,1631880000,1714476800
113,2876,1658405600,NA
113,2889,1660608000,1670160300
113,2894,1660608000,1671629000
113,3538,1696327200,NA
113,3997,NA,NA
113,3998,NA,NA
113,4072,1727784100,NA
114,804,1472990500,1480464000
114,805,1473033600,1480464000
114,806,1474848000,1480464000
114,806,1499983200,1643414400
114,909,1504612900,1643414400
116,161,1534032000,1623456000
116,169,1534377600,1623542400
116,179,1534377600,1623542400
117,0,NA,NA
117,0,1563537700,NA
117,705,1475625600,1496232000
117,778,1475755300,1563580800
117,807,1477612800,1563271200
117,808,1475020800,1563179400
117,1379,1575374300,NA
117,1672,1563274800,NA
117,1673,1563525000,NA
117,2356,1625826600,NA
120,0,NA,NA
120,0,1756515000,1764611100
120,273,1460419200,1503705600
120,273,1506888000,1523268000
120,273,1554224400,1591747200
120,702,1476221200,1635701500
120,782,1481733000,1633703400
120,783,1481302800,1628697600
120,789,1482364800,1503619200
120,789,1508529700,1509408000
120,789,1514419200,1633343400
120,799,1483574400,1626094800
120,800,1484224300,1641909600
120,801,1483011000,1533081600
120,801,1533081600,1623696000
120,815,1487952000,1631797200
120,820,1486944000,1639094400
120,822,1488451800,1624383600
120,822,1757980800,1758055000
120,823,1490710400,1624938200
120,971,1507838500,1641916800
120,1002,1509580800,1612137600
120,1100,1525478400,1646150400
120,1233,1591660800,1623856800
120,2291,1623857000,1756339200
120,2309,1624347000,1758054500
120,2309,1758055000,NA
120,2331,1623696100,1643130100
120,2331,1644339700,1757592000
120,2334,1624945400,1636734600
120,2358,1626112800,1762805800
120,2401,1628697600,NA
120,2510,1633366800,1756578300
120,2518,1633707000,1756578800
120,2540,1631800800,NA
120,2557,1635778800,1731598000
120,2557,1766071600,NA
120,2577,1636734800,NA
120,2618,1641909600,NA
120,2619,1641916800,NA
120,2620,1639094400,NA
120,2842,1656516000,NA
120,2862,1646150400,1756814300
120,4669,1756575900,NA
120,4714,1762856100,NA
120,4747,1764676900,NA
120,4943,1769681700,NA
121,0,1505952000,NA
123,0,1627776000,1627779600
123,0,1788411900,NA
123,242,1680332900,NA
123,703,1520208000,1521273600
123,703,1522992600,1524528000
123,703,1625576400,NA
123,793,1485388800,1776934800
123,794,1472515200,1495051300
123,795,1481796000,1738918800
123,796,1476299600,1493748000
123,796,1496217600,1596529800
123,797,1481727600,NA
123,832,1490140800,NA
123,833,1486483200,NA
123,834,1487721600,NA
123,835,1487635200,NA
123,836,1490227200,NA
123,860,1491868800,NA
123,861,1483660800,NA
123,862,1491782400,NA
123,864,1492041600,1597674600
123,864,1623369600,NA
123,865,1490054400,1597656600
123,881,1493728300,1680332900
123,882,1536242400,1740614400
123,912,1495000800,1710154800
123,912,1710158300,1781686800
123,943,1506556800,1767225600
123,984,1502884900,1625572900
123,985,1507161600,1595329200
123,986,1505174400,NA
123,987,1505347200,1693058400
123,1014,1504137600,NA
123,1015,1498039200,NA
123,1016,1513260000,NA
123,1028,1518739200,NA
123,1044,1520640000,1524009600
123,1044,1537344000,1619827200
123,1044,1621555200,1621558800
123,1044,1693060200,1754006400
123,1078,1527811200,NA
123,1079,1527811200,NA
123,1189,1541289600,1579392000
123,1666,1575540000,NA
123,1692,1595330000,NA
123,1772,1574272800,1588147200
123,1772,1588148100,NA
123,1773,1580910300,1602676700
123,1773,1602677100,NA
123,1774,1586239200,1590214500
123,1800,1592395300,1620777600
123,1800,1620777600,NA
123,1938,1597658400,NA
123,1939,1597676400,NA
123,1943,1596531600,NA
123,2061,1604883600,1788411600
123,2239,1619863200,1682931600
123,2524,1627862400,1636588800
123,2524,1636675200,1700870400
123,2611,1639785600,NA
123,2705,1648771200,1658966400
123,2705,1658966400,NA
123,3342,1754007000,NA
123,3510,1694908800,NA
123,3556,1696982400,NA
123,4021,1725148800,NA
123,4198,1738922400,NA
123,4248,1740618000,NA
123,5151,1776935400,1778112000
123,5151,1778112300,NA
123,5429,1781690400,NA
124,356,1545048000,NA
124,360,1543996800,NA
124,883,1481662800,NA
124,889,1480935600,NA
124,934,1481367600,NA
125,127,1480348800,1642683600
125,1001,1637241500,1672531200
125,1001,1744485800,NA
125,1732,1607851800,1637241500
125,2116,NA,NA
125,2632,1642636800,NA
125,3299,1679144000,1744572200
126,871,1477598500,1491325200
129,2047,1592837100,1604772600
129,2047,1611186000,1672444800
129,2047,1698444500,1708300800
129,2047,1708381400,1708381600
129,2047,1727562200,NA
129,2048,1592838000,1611187200
129,2048,1611262500,1682985600
129,2048,1695942000,NA
129,2051,1592784000,1602892800
129,2051,1605140700,1676147500
129,2051,1710444500,NA
129,2054,1592784000,1602892800
129,2054,1592784000,1602892800
129,2054,1605305300,NA
129,2055,1592784000,1602892800
129,2055,1605376100,1622475600
129,2055,1622502000,1622502000
129,2055,1694797200,1694973599
129,2056,1592784000,1602892800
129,2056,1605389000,1694829600
129,2056,1710806400,1712016000
129,2068,1592784000,1602892800
129,2068,1606857600,NA
129,2070,1592784000,1602892800
129,2070,1607110100,1653420300
129,2070,1653433200,1653433200
129,2070,1694559600,NA
129,2071,1592784000,1604448000
129,2071,1607207600,1614970800
129,2071,1614978000,1727560800
129,2072,1592784000,1602892800
129,2072,1607290600,1694899200
129,2072,1694899200,1694899300
129,2072,1694982700,NA
129,2083,1598832000,1602892800
129,2083,1607194800,1684022400
129,2083,1713555500,NA
129,2084,1598918400,1602892800
129,2084,1609005400,1694877300
129,2084,1698430800,1708293600
129,2084,1739036200,NA
129,2102,1592853200,1602861000
129,2102,1611151200,1694910000
129,2102,1714421800,NA
129,2576,1504569600,1508846300
130,647,1485129600,1508284800
130,802,1484006400,1507334400
130,821,1487853000,1508284800
132,958,1487660400,NA
134,1145,1532977200,NA
134,1162,1533672000,NA
134,1163,1533031200,NA
134,1164,1534088200,NA
137,122,NA,NA
138,239,1431264000,1490174100
138,239,1490205600,1501200000
138,239,1523044900,1525959000
138,239,1525959000,1529163000
138,239,1529163000,1531753200
139,886,1489865300,1624320000
139,959,1489947300,1761049300
140,1270,1548855000,NA
142,90,1499771400,1509537500
142,90,1523511000,1534348800
142,90,1536202200,1688428800
143,830,1492545500,NA
143,890,1498680000,NA
143,913,1492545500,NA
143,914,1502222300,NA
145,898,1493496000,1510617600
145,898,1525264800,1541548800
145,898,1555955600,1574208000
145,898,1622419200,1636070400
145,898,1653760800,1667001600
145,898,1680451200,1697411500
145,898,1710945400,1720418400
145,899,1493496000,1510531200
145,899,1525275600,1541548800
145,899,1556031600,1574208000
145,899,1622592000,1636156800
145,899,1653315300,1666914800
145,899,1680390000,1697497200
145,899,1710953200,1730941200
145,900,1493582300,1510531200
145,900,1525202800,1541548800
145,900,1556021500,1574208000
145,900,1622592000,1636156800
145,900,1653333600,1666915200
145,900,1680436700,1697500800
145,901,1493496000,1510531200
145,901,1525293300,1541548800
145,901,1556100900,1574208000
145,901,1622332800,1636070400
145,901,1653264000,1666914800
145,901,1680382800,1697497200
145,901,1710889200,1731639600
145,902,1493582300,1510531200
145,902,1525361500,1541548800
145,902,1556114400,1574208000
145,902,1622332800,1636070400
145,902,1653260200,1666914800
145,902,1680368400,1697583600
145,902,1710874000,1731636000
145,903,1493496000,1510531200
145,903,1525287300,1541548800
145,903,1556034600,1574208000
145,903,1622592000,1634947200
145,903,1653232100,1666915200
145,903,1680447600,1697583600
145,903,1710961500,1731639600
145,904,1493150500,1510444800
145,904,1525429100,1541462400
145,904,1556190600,1574208000
145,904,1648767600,1648767600
145,904,1653345500,1666914700
145,904,1680303600,1696978800
145,904,1710795600,1712145700
145,905,1493064000,1510531200
145,905,1525353900,1541548800
145,905,1556205200,1574208000
145,905,1622246400,1636070400
145,905,1656365700,1663009700
145,905,1680357600,1696978800
145,905,1710856200,1731639600
145,906,1493150500,1510531200
145,906,1525196300,1541548800
145,906,1556107000,1574208000
145,906,1622332800,1627516800
145,906,1653254500,1666915200
145,906,1680375600,1697497200
145,906,1710882000,1730401200
145,907,1493496000,1510617600
145,907,1525267000,1541635200
145,907,1556198000,1574208000
145,907,1622851200,1632787200
145,907,1653566300,1666995800
145,907,1680469200,1696979500
145,907,1710978600,1716310800
145,908,1493649300,1493730300
145,908,1493928000,1510531200
145,908,1525196300,1541635200
145,908,1556016500,1574208000
145,908,1622592000,1634947200
145,908,1657108900,1664063500
145,908,1680476400,1696978800
145,1065,1520014000,1572307200
145,1065,1616371200,1645206800
145,1066,1523642400,1580601600
145,1067,1519840300,1567209600
145,1067,1616284800,1621555200
145,1068,1522950400,1580601600
145,1069,1524424700,1529539200
145,1069,1552176000,1574208000
145,1070,NA,NA
145,1071,1522701600,1529539200
145,1071,1552238100,1558915200
145,1072,1520275700,1616435500
145,1073,1524502900,1527379200
145,1073,1552902300,1567209600
145,1074,1520353900,1567209600
145,1488,1556905100,1574208000
145,1488,1622592000,1636156800
145,1488,1653495900,1666911600
145,1488,1680444000,1697583600
145,1488,1710965800,1716367700
145,2843,1652815600,1667001100
145,2843,1680458400,1697583600
145,2843,1710939100,1731632400
147,841,1494187300,1496793600
147,841,1496952000,1559433600
147,842,1500537600,1559433600
147,843,1491657000,1536883200
147,897,1496260900,1508889600
147,897,1508976000,1552953600
147,1000,1508112000,1546387200
147,1045,1520586000,1531911600
147,1087,1497816000,1500508800
147,1095,NA,NA
147,1095,1532001500,1551948500
147,1095,1552867200,1559433600
147,1178,1537783200,1559433600
148,77,1460824400,1481587200
148,81,1460848800,1465603200
148,90,1460932700,1481673600
148,92,1460920600,1481673600
148,94,1460927500,1481673600
148,105,1460853500,1460900100
148,107,1460900100,1481587200
148,119,1460914000,1481587200
148,568,1460842500,1490745600
148,601,1460939500,1465603200
148,606,1460814600,1481587200
149,2162,1611792000,1622332800
149,2162,1622332800,1622419200
149,3111,1653523200,NA
150,828,1492184700,1622560400
150,840,1493059800,1505131500
150,961,1506349800,1590611500
150,1093,1535115300,1551717000
150,1093,1551717600,1707469200
150,1093,1707469200,NA
150,2040,1600243200,1632744000
150,2040,1632855600,NA
150,2165,1695744000,1707660000
150,2165,1707663600,NA
150,2283,1623264300,1707577200
150,2283,1707577200,NA
150,3039,1715778000,NA
150,3674,1706563800,1706832000
150,3674,1707431400,NA
150,3777,1711467000,NA
150,3847,1715806800,1755187200
150,3975,1711729400,NA
150,4016,1725396400,1750377100
150,4017,1725454800,NA
150,4027,1725480600,NA
150,4706,1760371200,NA
150,4750,1769795100,NA
151,0,1785445200,NA
151,975,1508976000,1542153600
151,976,1509127200,1542153600
151,977,1509043800,1520537300
151,978,1509050800,1510272000
151,978,1510329600,1554487200
151,979,1509074000,1554192000
151,980,1509069700,1554192000
151,1052,1520879500,1554192000
151,1235,1544439600,1554192000
151,1235,1730746900,1774536800
151,1236,1544450400,1554192000
151,1236,1729102800,1785157200
151,1298,1554488300,1603180800
151,1298,1603188000,1690197200
151,1299,1554211000,1621868300
151,1299,1621868400,1774536800
151,1300,1554218000,1607351700
151,1300,1607351700,1668707100
151,1301,1554220900,1603224000
151,1301,1603224000,1785330000
151,1302,1554133500,1592323200
151,1414,1554225400,1729101600
151,1650,1693440000,1774536200
151,1799,1592329700,1730746800
151,2461,1668707100,1731681500
151,5311,1787252400,NA
151,5313,1787086800,NA
151,5314,1787165300,NA
151,5315,1787337000,NA
151,5316,1787082200,NA
152,0,1694962800,1709933800
152,960,1506418200,NA
152,981,1507766400,1687716900
152,1153,1504051200,1634702300
152,1153,1634702300,1634773100
152,1153,1689896400,NA
152,1230,1687824000,NA
152,1487,1564876800,1690308900
152,1550,1599750000,NA
152,1778,1569196800,1569283200
152,1778,1569283200,1687995500
152,3541,1694939800,NA
152,3580,1694692600,NA
155,918,1492614000,1517270400
155,918,1517270400,NA
156,0,NA,NA
156,973,1501088400,1509094800
156,973,1531411200,1538076500
156,982,1500667100,1509033600
156,982,1530273500,1538085600
156,982,1561133000,NA
156,983,1498910500,1510574300
156,983,1561132800,1561132800
156,1385,1562760000,1562760100
156,2043,1597943800,NA
156,2432,1613001600,NA
156,2554,1619467500,NA
157,115,1488035700,1497614300
157,124,1485616500,1497614300
157,125,1488035700,1497614300
157,645,1486497500,1494288000
157,732,1486479600,1494288000
159,857,1498636800,1508803200
159,858,1500465700,1531958400
159,869,1497470500,1508716800
159,870,1497513600,1508716800
162,477,1496998400,1542153600
162,486,1497442000,1525737600
162,514,NA,NA
165,0,1747937000,NA
165,944,1526652000,1614729600
165,945,1526482800,1553282400
165,1129,1526670000,1744743600
165,1395,1553282800,1719517000
165,1954,1572439700,NA
165,2235,1620864000,NA
165,2238,1620864000,NA
165,2249,1621814400,NA
165,2262,1627948800,NA
165,2267,1695340800,NA
165,2270,1635897600,NA
165,2369,1626480000,NA
165,2379,1627344000,NA
165,2410,1629158400,NA
165,2425,1629309600,NA
165,2428,1629331200,NA
165,2429,1629417600,NA
165,2441,1719517000,NA
165,2453,1616821200,NA
165,2463,1614729600,1698773400
165,2475,1606953600,1781183700
165,2475,1781184100,NA
165,2478,1616803200,NA
165,3591,1698762600,NA
165,4120,1730937600,NA
165,4304,1744743600,NA
165,4458,1747939800,NA
165,4635,1760313600,NA
165,4644,1755681300,NA
165,4675,1755689700,NA
165,5214,1762175000,NA
165,5282,1777852800,NA
165,5401,1780156200,1780329300
165,5401,1781184100,NA
166,880,1499684100,1500186600
166,880,1503415800,1506713300
166,880,1506789000,1530236400
166,1258,1552407600,1584456300
166,1261,1584457200,1754046000
166,4727,1754072000,NA
167,966,1504807200,1552262400
167,966,1568030500,1583020800
167,967,1504789200,1515715200
167,967,1537556400,1542150000
167,1221,1537470000,1651098200
167,1222,1533664800,1577923200
167,1223,1533582000,1555372800
167,1306,1554940800,1634673400
167,1338,1555428200,1568030500
167,1338,1582988400,1651184500
167,1339,1555369600,1651258800
167,1509,1564953000,1650925400
167,1510,1564856200,1651011800
167,1985,1582988400,1670594800
167,2247,1583884800,1665065300
168,239,1501259800,1502992800
168,239,1502992800,1511813800
168,239,1511813800,1523044900
168,239,1531753200,1573059600
168,239,1573059700,1590064800
168,239,1590064900,1606671400
168,239,1606671600,1617895200
168,941,1535833900,1542124800
168,942,1529427600,1623664800
169,937,1500336000,NA
169,991,1502928000,1524700800
169,991,1529884800,NA
170,0,1503446400,NA
170,996,1502638800,1510358400
170,997,1502889300,1511702400
170,1973,1503532800,1503532800
172,894,1505594400,1540920600
172,894,1540935000,1546630700
172,894,1546630900,1570035600
172,894,1570037400,1754080500
172,916,1508950800,1541794300
172,916,1546968000,1570120200
172,916,1570120800,1754080100
172,956,1507915800,1507924700
172,1186,1541893400,1541908000
172,1186,1542130400,1542140000
172,1186,1542140200,1546967800
172,1459,1565894100,NA
172,1573,1570798800,1593885600
172,1983,1598983200,NA
172,2181,1754082000,NA
173,0,1572282000,1572436700
173,0,1572282000,1572436700
173,992,1507381200,1556532000
173,992,1556533800,1572274800
173,992,1572276600,1572368400
173,993,1507226400,1541635200
173,994,1507294800,1548720000
174,229,1512691200,1516096800
174,229,1516096900,1530403200
174,229,1579996800,1610727800
174,647,1519516800,1526169600
174,647,1538697600,1549838300
174,647,1549838300,NA
174,802,1516147200,1527033600
174,802,1549238400,NA
174,821,1516147200,1530403200
174,821,1549390800,NA
174,969,1512691200,1526947200
174,969,1549756800,NA
174,1304,1556150400,1566950400
175,1019,1515096000,NA
175,1020,1517529600,1686887700
175,3109,NA,NA
175,3854,1716392300,NA
177,1091,1531401200,1621555200
177,1092,1531526400,1621555200
177,1103,1531267200,1621555200
177,1104,1531267200,1621555200
177,1114,1531699200,1621555200
177,1115,1531699200,1621555200
177,1117,1531699200,1554336000
177,1117,1554336000,1621555200
177,1118,1531526400,1554163200
177,1119,1531397600,1554163200
177,1120,1531353600,1554336000
177,1120,1554336000,1621555200
177,1146,NA,NA
177,1205,1554422400,1621555200
177,1210,1554422400,1621555200
177,1370,1557273600,1557446400
178,1090,1512072000,NA
179,0,1515427200,NA
182,0,1646316000,1658494500
182,0,1648220400,1665244800
182,0,1650610800,1657202400
182,0,1657971800,1665152000
182,1031,1501607000,1511601900
182,1031,1512906500,1518259600
182,1031,1518864300,1640943500
182,1084,1528725000,1561974000
182,1085,1528502400,1528898400
182,1086,1528502400,1528898400
182,3237,1680360100,NA
183,1126,1534982400,1570060800
183,1753,1577923200,1615939200
183,2147,1615939200,NA
184,1058,1525765400,1589972400
184,4698,1754670600,NA
186,1061,1521072000,1525996800
186,1061,1554566400,1557384000
189,975,1569428900,1672790400
189,976,1569276900,1575226500
189,976,1583421600,1736436600
189,1578,1569018600,1575222700
189,1578,1583427800,1585526400
189,1578,1599579100,1708831500
189,1605,1570385400,1630947600
189,2166,1629124400,1650657500
189,2167,1629132300,1654799400
190,1267,1521561600,1718642200
190,1962,1718642200,1730042400
190,4490,1749046500,NA
191,612,1532030500,1685552400
191,731,1532113200,1763757000
191,1101,1532119700,NA
191,1284,1552431000,1781719200
191,1303,1556563800,1708020000
191,1331,1697054500,NA
191,1432,1555174800,1561939200
191,1609,1606436600,NA
191,1618,1615507200,1670976000
191,1667,1586995200,1610755200
191,2096,1610755200,1649111000
191,2096,1649111400,1650666200
191,2096,1650666200,1743087100
191,2470,1618963200,1619049600
191,2893,1707763500,1707778800
191,2893,1708025300,1745946000
191,2893,1745946000,NA
191,3354,1763757000,NA
191,4321,1743087100,1761853800
191,4321,1761853800,NA
193,1160,1535313300,1581438600
193,1160,1581438700,1581438700
193,1607,1581440400,1626710400
193,2351,1626714000,NA
193,2472,1638503300,1764547200
193,4153,1766159700,NA
193,4631,1754940500,NA
195,82,1670598000,1675382400
195,82,1685302000,1695067300
195,82,1715972400,1726772400
195,82,1748378000,1758571300
195,83,1668564000,1670211000
195,83,1685391600,1695335400
195,95,1681171200,1695139200
195,116,1688493300,1694612100
195,116,1748459900,1757973600
195,116,1779830100,NA
195,137,1558544400,1568739600
195,137,1621893600,1635269800
195,137,1635984000,1640304000
195,137,1653667200,1663701800
195,137,1685040300,1688493000
195,260,1683305100,1695988600
195,268,1708954200,1710813600
195,311,1670594400,1675389600
195,311,1685802600,1695141000
195,311,1716654800,1726524000
195,311,1748273400,1757950200
195,311,1779746400,NA
195,314,1779989400,NA
195,317,1530212400,1537401600
195,317,1558724400,1568826000
195,317,1621872000,1635351300
195,317,1639008000,1645142400
195,317,1645232400,1651615200
195,317,1670941800,1675396900
195,323,1642420700,1650117600
195,339,1668650400,1670205600
195,339,1684771200,1695316900
195,339,1701091800,NA
195,342,1530223200,1537401600
195,342,1559131100,1566950400
195,342,1626177500,1627423200
195,342,1656979200,1657929600
195,353,1668564000,1670210000
195,353,1685718400,1695133000
195,353,1716573600,1719959000
195,808,1622145500,1634324400
195,808,1641772800,1645052400
195,808,1653589800,1663705900
195,808,1684875600,1695820800
195,808,1701091800,1703359700
195,808,1715016600,1726765200
195,808,1748633300,1760302800
195,808,1779652900,NA
195,855,1625076000,1635178500
195,855,1635984000,1640304000
195,855,1653932700,1663684400
195,855,1684962600,1694448100
195,857,1530133200,1537315200
195,857,1558636200,1568811600
195,857,1621807200,1635432300
195,857,1638489600,1640304000
195,857,1653680600,1663784100
195,857,1684855800,1694725200
195,869,1530129700,1537315200
195,869,1558719000,1568829600
195,870,1530115200,1537315200
195,870,1558713600,1568743200
195,870,1621710000,1635364500
195,870,1641772800,1653399900
195,870,1653515100,1664227000
195,870,1685634300,1692977400
195,870,1719959400,1727110800
195,870,1780003000,NA
195,895,1595444400,1602518400
195,962,1563192000,1565308800
195,962,1626134400,1627513200
195,962,1655856000,1657843200
195,962,1684872600,1695061800
195,962,1715274000,1715896800
195,962,1715896800,1727125200
195,962,1747868400,1758229200
195,1754,1595635200,1603972900
195,1754,1625667600,1634832000
195,1754,1675960200,1679165000
195,1755,1651006000,1684161000
195,1755,1687867100,1734379300
195,2099,1650493800,1668816000
195,2099,1684161000,1733342500
195,2099,1779915600,NA
195,2153,1650563100,1683219600
195,2153,1683219600,1714771700
195,2153,1714773600,1733342500
195,2590,1657746000,1659976800
195,2673,1654112100,NA
195,2783,1653768000,1664302500
195,2785,1654025300,1664206200
195,3003,1660170000,NA
195,3116,1684164200,1733342500
195,3116,1778868000,NA
195,3117,1689292800,1691798400
195,3118,1779982200,NA
195,3122,1683310100,1695729500
195,3127,1670356700,1675382400
195,3127,1685220900,1695130900
195,3127,1715968800,1726837200
195,3209,1686013200,1686240000
195,3209,1686339000,1689264000
195,3209,1689350400,1695362400
195,3209,1715338200,1717437600
195,3209,1717597800,1720738800
195,3209,1720812000,1722985200
195,3210,1686013200,1686153600
195,3210,1686243600,1687363200
195,3210,1687537800,1689220900
195,3210,1689237600,1695366000
195,3210,1715094000,1720785700
195,3210,1720808700,1722985200
195,3210,1779817900,NA
195,3386,1685557200,1694619400
195,3386,1716570000,1726786800
195,3386,1748365800,1757962800
195,3386,1780001200,NA
195,3676,NA,NA
195,3851,1713895700,1726002000
195,3851,1748530800,1761264000
195,3851,1777917600,NA
195,3928,1714061700,1726153200
195,3928,1748275100,1760108400
195,3934,1711648500,1727107200
195,3934,1747763500,1759449600
195,3934,1779208200,NA
195,4075,1713977100,1726070400
195,4075,1747152000,1760108400
195,4077,1711470700,1726084900
195,4077,1747164900,1760119200
195,4077,1779220700,NA
195,5408,1778857200,NA
197,23,1530638000,1537541600
197,28,1529680500,1534362600
197,43,1529498900,1542130000
197,50,1529527800,1543426600
197,68,1529522000,1543424900
197,129,1529505000,1542126600
197,159,1530999800,1542109300
197,724,1635883300,1652208300
197,1374,1558026000,1568160000
197,1375,1557860600,1569283200
197,1376,1557849500,1569283200
197,1434,1559251800,NA
197,1435,1558036700,1584804900
197,1436,1561047600,1574164700
197,1437,1558033200,1574245800
197,1438,1559067600,1574467200
197,1438,1630338300,1659722400
197,1439,1559080100,1635882200
197,1440,1559323300,NA
197,1441,1559237800,1607108400
197,1442,1563280300,1568145700
197,1473,1564963200,1568124000
197,1474,1565044200,1568124000
197,1492,1565526800,1568124000
197,1779,1563391700,1639288400
197,2797,1558013400,1563280300
198,1497,1564170600,1591401600
198,1580,1564179300,1727654399
198,4295,NA,NA
201,938,1530403200,1621875600
201,939,1530403200,1623628800
201,940,1530403200,1622937600
201,1097,1532044800,1572566400
201,1171,1536019200,NA
201,1944,1585699200,NA
203,1064,1561669200,1565179100
203,1064,1566514800,1575590400
203,1064,1617142500,1701777700
203,1064,1712962800,1713801000
203,1064,1713801300,1713801300
203,1238,1561753900,NA
203,1376,1659312000,1663174800
203,1376,1678554000,1678665600
203,1376,1681948800,1682020900
203,1376,1721146200,1724454000
203,1376,1733187600,1733263200
203,1376,1752847200,1755122400
203,1394,1561593600,1561680000
203,1394,1562356700,1565200800
203,1394,1566345600,NA
203,1442,1659484800,1663174800
203,1442,1677052800,1677088800
203,1442,1678579200,1678662000
203,1442,1681948800,1682020900
203,1442,1689552000,1691102800
203,1442,1691163000,1693580400
203,1442,1699107300,1699137300
203,1442,1721065500,1724454000
203,1442,1733187600,1733263200
203,1442,1752847200,1755122400
203,1503,1566416600,1566579600
203,1503,1566580200,1574985600
203,1503,1623265200,1631606100
203,1722,1659312000,1662224400
203,1722,1677052800,1677088800
203,1722,1678629600,1678651100
203,1722,1733187600,1733263200
203,1722,1752847200,1755122400
203,1743,1615412100,1622131200
203,1743,1622235600,1651190400
203,1743,1690462800,1691436500
203,1743,1691436700,1691586000
203,1768,1615153500,NA
203,1883,1677052800,1677106800
203,1883,1678629600,1678651100
203,1883,1681948800,1682020900
203,1883,1689552000,1691001000
203,1883,1691439900,1693577200
203,1883,1733187600,1733263200
203,1883,1752847200,1755122400
203,1899,1645520400,1645554700
203,1899,1659484800,1663174800
203,1899,1678554000,1678665600
203,1899,1681948800,1682020900
203,1899,1689552000,1690996700
203,1899,1691434900,1692720400
203,1899,1713801300,NA
203,1918,1660608000,1663174800
203,1918,1677052800,1677088800
203,1918,1678557600,1678665600
203,1918,1681948800,1682031600
203,1918,1752847200,1753221600
203,1926,1660089600,1663174800
203,1926,1678554000,1678665600
203,1926,1680566400,1680649200
203,1926,1687875700,1687891000
203,1926,1689638400,1691168400
203,1926,1691182800,1693578000
203,1926,1699107300,1699137300
203,1926,1722201600,1724454000
203,2310,1616697900,1687443100
203,2310,1688072400,1691770900
203,2310,1691770900,1694386800
203,2310,1694386800,NA
203,2329,1691097000,1691101400
203,2329,1733187600,1733263200
203,2329,1752847200,1755122400
203,2330,1677052800,1677088800
203,2330,1678492800,1678554800
203,2330,1678557600,1678665600
203,2330,1733187600,1733263200
203,2330,1752847200,1755122400
203,2387,1617309600,1628010000
203,2387,1628024400,1651064400
203,2387,1655322900,1690837200
203,2387,1722553200,NA
203,2388,1622493000,NA
203,2389,1623426300,NA
203,2390,1622572500,NA
203,2393,1623796200,NA
203,2394,1623946900,NA
203,2395,1615493600,1698844700
203,2395,1698844700,1731081600
203,2395,1751328000,NA
203,2796,1687812900,1688136300
203,2796,1753056000,1755043200
203,2798,1660254700,1663174800
203,2798,1677052800,1677088800
203,2798,1678579200,1678662000
203,2798,1680220800,1680283800
203,2798,1680609500,1680645600
203,2798,1689724800,1691105200
203,2798,1691174700,1693576800
203,2798,1699107300,1699137300
203,2798,1721058400,1724454000
203,2798,1733187600,1733263200
203,2798,1753056000,1754956800
203,2799,1659744000,1663174800
203,2799,1677052800,1677088800
203,2799,1678557600,1678665600
203,2799,1680620400,1680645600
203,2799,1681948800,1682031600
203,2799,1690916400,1691104500
203,2799,1691176700,1693579500
203,2799,1721062100,1724454000
203,2800,1660168300,1663174800
203,2800,1677052800,1677088800
203,2800,1677942000,1677970800
203,2800,1678557600,1678665600
203,2800,1680620400,1680649200
203,2800,1691521200,1693583400
203,2800,1699097300,1699137300
203,2800,1721068500,1724454000
203,2800,1752847200,1755122400
203,2859,1689552000,1691090600
203,2859,1691181700,1693579600
203,2859,1699096400,1699137300
203,2859,1721065300,1724454000
203,2859,1733187600,1733263200
203,2859,1752847200,1753416000
203,3048,1658927700,1700145500
203,3303,1689811200,1691106700
203,3303,1691179400,1693578600
203,3303,1699096200,1699137300
203,3303,1713897200,1715097600
203,3303,1721057200,1722201600
203,3303,1733187600,1733263200
203,3303,1753416000,1755122400
203,3304,NA,NA
203,3322,1689552000,1691428200
203,3322,1691612500,1693587600
203,3322,1721146400,1724454000
203,3322,1733187600,1733263200
203,3322,1752847200,1755122400
203,3323,1689552000,1691425900
203,3323,1691518500,1693581000
203,3323,1699098000,1699137300
203,3323,1712960000,1713801600
203,3323,1722434400,1724433700
203,3324,1689638400,1691426400
203,3324,1722438000,1724432500
203,3324,1753200000,1755122400
203,3325,1689638400,1690914000
203,3325,1691095400,1691102200
203,3325,1691523000,1693582200
203,3325,1721056800,1724454000
203,3341,1690988400,1691098900
203,3341,1691437800,1693583100
203,3341,1699103900,1699137300
203,3341,1712944600,1715097600
203,3341,1721057000,1724454000
203,3341,1753056000,1754956800
203,3348,1692723200,1693588000
203,3348,1721060400,1724454000
203,3348,1753056000,1754956800
203,3353,1689552000,1691170200
203,3353,1691184000,1694965800
203,3353,1699107300,1699137300
203,3353,1722369500,1724432400
203,3353,1752847200,1755122400
203,3369,1689724800,1693591200
203,3369,1722441600,1724432300
203,3429,1689638400,1690916400
203,3429,1691586000,1691586000
203,3429,1691586200,1709251200
203,3429,1715115600,1722553200
203,4123,1721245700,1722214800
203,4123,1722214800,1722895200
203,4123,1722895200,1724454000
203,4123,1724454000,NA
204,1376,1653782400,1654790400
204,1376,1656939600,1658347300
204,1376,1684281600,1687204900
204,1442,1653782400,1654790400
204,1442,1656939600,1658472600
204,1442,1683921700,1683926700
204,1442,1684281600,1687204900
204,1722,1653782400,1654790400
204,1722,1656939600,1658275200
204,1722,1684281600,1687204900
204,1883,1622505600,1623369600
204,1883,1625443200,1626728400
204,1883,1653862000,1654790400
204,1883,1656943200,1658347300
204,1883,1684281600,1687204900
204,1899,1653782400,1654790400
204,1899,1656939600,1658448000
204,1899,1684281600,1687204900
204,1918,1622505600,1623369600
204,1918,1625499300,1626728400
204,1918,1653825500,1654790400
204,1918,1656939600,1658347300
204,1918,1684281600,1687204900
204,1926,1622505600,1623369600
204,1926,1625443200,1626728400
204,1926,1656939600,1658275200
204,2329,1622505600,1623369600
204,2329,1625493600,1626728400
204,2329,1653782400,1654790400
204,2329,1656939600,1658275200
204,2329,1678492800,1678665600
204,2329,1680620400,1680645600
204,2329,1684281600,1687204900
204,2330,1622553300,1623369600
204,2330,1625491000,1626728400
204,2330,1653782400,1654790400
204,2330,1656939600,1658520000
204,2330,1684281600,1687204900
204,2796,1653782400,1654790400
204,2796,1656939600,1658275200
204,2796,1680307200,1680307200
204,2796,1680566400,1680724700
204,2796,1684281600,1685318400
204,2797,1653782400,1654790400
204,2797,1656939600,1658275200
204,2797,1678492800,1678665600
204,2797,1683921700,1683926700
204,2797,1684281600,1685386800
204,2798,1653782400,1654790400
204,2798,1656939600,1658347300
204,2798,1683921700,1683926700
204,2798,1684281600,1687204900
204,2799,1653782400,1654790400
204,2799,1656939600,1658520000
204,2799,1678492800,1678665600
204,2799,1680361200,1680390000
204,2799,1684281600,1687204900
204,2800,1653782400,1654790400
204,2800,1656939600,1658347300
204,2800,1683921700,1683926700
204,2800,1684281600,1687204900
204,2859,1656939600,1658347300
204,2859,1680562800,1680652800
204,2859,1684281600,1687204900
204,3303,1683921700,1683926700
204,3303,1684281600,1687464000
204,3304,1683921700,1683926700
204,3304,1684281600,1687464000
204,3322,1684281600,1688140800
204,3323,1684281600,1687464000
204,3324,1684281600,1687464000
204,3325,1684281600,1687204900
204,3341,1684281600,1687204900
204,3348,1685386800,1687204900
204,3353,1684281600,1687464000
204,3369,1684281600,1687464000
204,3369,1751673600,1751733400
204,3369,1751733400,1751733500
204,3369,1751733500,1751826800
204,3369,1751826800,1751930500
204,3369,1752012400,1752501800
205,1531,1565740800,1566248200
205,4350,1743621200,1746405600
205,4350,1746408200,NA
206,1373,1523750400,NA
207,1435,NA,NA
210,0,NA,NA
210,0,1717084800,1723729200
210,1188,1539355100,1665761700
210,1543,1578590200,1624492800
210,1596,1579030300,1626080400
210,1597,1579016000,1626098400
210,1813,1579041700,1626080100
210,1813,1665761700,NA
210,1814,1578604500,1626777900
210,1815,1578592300,1626791000
210,1816,1579037000,1626085500
210,1816,1714164400,NA
210,1817,1579023200,1626094100
210,1838,1678556200,NA
210,1867,1676906800,1758060900
210,1875,1680774700,NA
210,1902,1603280600,NA
210,2026,1603273000,NA
210,2027,1603299800,NA
210,2030,1603371500,NA
210,2034,1603377900,NA
210,2038,1603793000,NA
210,2064,1603292400,NA
210,2178,1626081000,1715169500
210,2320,1626633900,1758574500
210,2345,1683000300,NA
210,2359,1626095700,NA
210,2360,1626100200,NA
210,2361,1626082800,NA
210,2408,1626085800,NA
210,2537,1626791600,NA
210,2567,1626779400,NA
210,2592,NA,NA
210,2616,1640869900,1747857700
210,3091,1668370400,NA
210,3158,1676913000,1758065400
210,3161,1678832600,NA
210,3184,1681970800,NA
210,3185,1668376200,NA
210,3194,1678906900,1758485900
210,3195,1678821800,1736870400
210,3196,1678869500,1758487700
210,3198,1678957700,NA
210,3201,1679035600,NA
210,3244,1757947100,1758641300
210,3244,1758641300,NA
210,3300,1683772800,NA
210,3877,1717174800,1718254800
210,3877,1718672400,NA
210,3887,1717257600,NA
210,3974,1749053400,1758641800
210,3974,1758641800,1786381200
210,3974,1786381200,NA
210,3976,1758061200,NA
210,3977,1758485900,NA
210,3980,1758574500,NA
210,3981,1758487700,NA
210,3982,1717027200,1723736400
210,3982,1758065700,NA
210,4211,1738792800,NA
210,4244,1739793700,NA
210,4322,1743008400,1749053400
210,4322,1758312100,NA
210,4375,1744671600,1757947000
210,4539,1750874400,NA
210,4828,1774369800,NA
211,0,NA,NA
211,0,NA,NA
211,0,NA,NA
211,0,1597622400,NA
211,0,1598659200,1767139200
211,849,1533663700,NA
211,850,1533664600,1723766400
211,1228,1533664300,NA
211,1229,1598659200,NA
211,1705,1628848800,NA
211,1706,1567468800,NA
211,1707,1566777600,1658775000
211,1707,1659398400,NA
211,1708,1568592000,NA
211,1709,1568419200,1627745300
211,1709,1627745300,NA
211,1710,1568851200,NA
211,1711,1721642400,NA
211,2086,1567382400,1719816000
211,4141,1721656800,NA
211,4149,1723840300,NA
212,1172,1538694000,1673970000
212,1179,1537318800,1637539200
212,1180,1536184800,1667490000
212,1181,1537527600,1594741400
212,1182,1537318800,1652370200
212,1183,1542297600,NA
212,1184,NA,NA
212,1184,1542297600,1542301200
212,1185,1611331200,1614038400
212,1242,1537236000,NA
212,1307,1611331200,1618531200
212,1307,1633784400,1637067600
212,1308,1601856000,1606348800
212,1313,1611331200,1616716800
212,1315,1611331200,1618531200
212,1398,1601856000,1606348800
212,1398,1611331200,1618531200
212,1398,1633784400,1637067600
212,1400,1601856000,1606348800
212,1400,1611273600,1618531200
212,1400,1633784400,1637067600
212,1401,1601856000,1606348800
212,1401,1614096000,1618531200
212,1401,1633784400,1637067600
212,1402,1601856000,1606348800
212,1402,1611331200,1618531200
212,1402,1633784400,1637067600
212,1403,1601856000,1606348800
212,1403,1611331200,1618531200
212,1403,1633438800,1637067600
212,1498,1535752800,1607126400
212,1499,1539694800,1640965600
212,1500,1537556400,1631375400
212,1516,NA,NA
212,1989,1589580000,NA
213,0,NA,NA
213,0,NA,NA
213,0,1659635500,1659636600
213,1141,1537304200,1594231200
213,1149,1536828700,1545244200
213,1149,1559762400,1564758000
213,1149,1564771800,1576079100
213,1149,1631122200,1642187800
213,1149,1642187800,1745335400
213,1149,1745348400,1745605500
213,1149,1750953600,NA
213,1150,1538083700,1538591400
213,1150,1538600600,1540856700
213,1150,1547057700,1625583600
213,1294,1556653400,1625160600
213,1294,1629228300,1630004100
213,1294,1630005600,1634752800
213,1355,1560364400,1626965100
213,1408,1561582300,1594402200
213,1408,1683898500,1712080800
213,1409,1561665500,1571874000
213,1466,1565287200,NA
213,1528,1567717100,1573058600
213,1528,1596051600,1650051800
213,1528,1658348300,1658350800
213,1528,1661500800,1668200400
213,1529,1568316500,1571691600
213,1529,1586190300,1596470100
213,1529,1596480600,1673029000
213,1529,1690308000,1698861600
213,1529,1706042400,1723345200
213,1530,1568761200,1577988900
213,1530,1596038400,1630598400
213,1582,1570730400,1594749600
213,1582,1601414000,1617354100
213,1582,1629235600,1630007400
213,1582,1630008800,1719587700
213,1582,1723346400,1787781900
213,1825,1594402200,1698080000
213,1825,1698080100,1729009800
213,1825,1729023600,NA
213,1843,NA,NA
213,1850,1670446100,NA
213,1855,1594421800,1729184600
213,1856,1594946800,1603821600
213,1856,1619922600,1635440400
213,1856,1658192400,1666882800
213,1856,1689733800,1698422400
213,1856,1715943600,1729620000
213,1856,1748561400,1761674000
213,1856,1780527400,NA
213,1857,1594912500,1597856400
213,1857,1598034000,1610733600
213,1857,1610759700,NA
213,1860,1594242000,1698181000
213,1860,1698181000,1711990800
213,1863,1595361500,NA
213,1866,NA,NA
213,1873,1594760400,1597860000
213,1873,1597978900,1759416300
213,1875,1597190400,1605559800
213,1875,1605559800,1605559800
213,1884,1600114600,1626375600
213,1884,1631741700,1699894800
213,1890,1597269000,1781292200
213,1890,1781299800,NA
213,1908,1597369000,1649376000
213,1908,1649376000,1781219200
213,1908,1781227300,NA
213,1910,1597865300,NA
213,1913,1597708800,1757268400
213,1913,1757273200,NA
213,1916,1597859100,NA
213,1924,1592960400,1593820800
213,1924,1598389000,1661958000
213,1924,1661976000,1663182700
213,1924,1663187700,NA
213,1950,NA,NA
213,2023,NA,NA
213,2057,1605559800,NA
213,2156,1621271400,1701380100
213,2156,1713547500,1719591600
213,2156,1719593300,1744398800
213,2156,1744398800,NA
213,2157,1632250800,NA
213,2158,1616538500,1663889400
213,2158,1679680800,NA
213,2186,1618001700,1681948800
213,2255,1625604500,1637712000
213,2311,1624555500,1629307800
213,2341,1625162900,1697478500
213,2341,1697478500,1702927200
213,2341,1702927200,NA
213,2373,1626980100,NA
213,2382,1627518200,1759254300
213,2397,1628541300,1722610000
213,2397,1722619600,NA
213,2402,1628732700,NA
213,2406,1628867500,1781394700
213,2406,1781397200,NA
213,2426,1629309300,1708709100
213,2426,1708709100,NA
213,2476,1631893500,1640908800
213,2519,NA,NA
213,2580,1630439000,1630443600
213,2580,1630525400,1699894800
213,2580,1714674600,1770316400
213,2580,1774629600,NA
213,2676,1647629700,1774629600
213,2759,1652381400,1776713300
213,2768,NA,NA
213,2771,1652895000,NA
213,2792,NA,NA
213,2795,NA,NA
213,2805,NA,NA
213,2820,NA,NA
213,2911,1659720800,NA
213,2994,1663802000,1663826400
213,2994,1663892100,1781283600
213,2994,1781286300,NA
213,3009,1664485200,1757095000
213,3009,1757100000,NA
213,3060,1668138000,1679679000
213,3060,1693970800,1693971100
213,3060,1693972000,1698704600
213,3060,1712595600,NA
213,3080,1673029000,1697482800
213,3080,1697482900,1724257500
213,3080,1725475200,1728675800
213,3227,1671565600,1741371600
213,3227,1744999200,1759190400
213,3227,1759254700,NA
213,3238,NA,NA
213,3771,1712091600,NA
213,3772,1712082600,NA
213,4088,1728675800,NA
213,4232,1743724800,1744998300
213,4232,1745605800,1749499100
213,4232,1752859600,1753900200
213,4268,1741372200,1755279000
213,4268,1755279000,NA
213,4403,1749499500,1750953600
213,4403,1753900500,1758047100
213,4799,1766016000,1768417200
213,4799,1770316800,NA
213,4800,1768419800,NA
213,5112,1787933700,NA
213,5115,1776720600,NA
213,5322,NA,NA
214,1123,1535328000,1536796800
214,1123,1537241500,1541757600
214,1124,1535936400,1536796800
214,1124,1537225900,NA
214,1142,1537148300,1541822500
214,1143,1537324800,1537574400
214,1144,1537156100,1541822500
214,1146,1537140000,1541923200
214,1147,1537059800,1541851100
216,996,1566646700,1573606800
216,996,1586795300,1587384000
216,1787,1587410400,1591279700
216,1787,1591353000,1591462800
216,1787,1659522600,NA
217,655,1594684800,NA
217,677,1535727600,1557014400
217,710,1535328000,1679476200
217,1771,1591974000,1597708800
217,2207,1616691600,NA
217,2465,1679479800,NA
220,977,1563321600,1584489600
220,2025,1596758400,1638187300
220,3713,1708977700,1709578800
220,3713,1712679600,NA
222,798,NA,NA
223,892,1566950400,NA
223,1266,1559347200,NA
223,1332,1558828800,1559001600
223,1332,1559001600,1560556800
223,1332,1560556800,1562284800
223,1332,1562284800,1775645400
223,1332,1775731800,1776755700
223,1332,1776766600,NA
223,1334,1559520000,NA
223,1371,1566345600,1567987200
223,1371,1567987200,1567990800
223,1371,1567994400,1703808000
223,1371,1755046800,1756901500
223,1371,1756901500,NA
223,1513,1559088000,1559091600
223,1513,1559174400,1559347200
223,1513,1559347200,1567663200
223,1513,1567666800,1567666800
223,1513,1567670400,1567674000
223,1513,1567674000,1598572800
223,1513,1598572800,1599004800
223,1513,1599026400,1601510400
223,1513,1601510400,1633087200
223,1513,1633305600,1672444800
223,1513,1693223000,1700496000
223,1513,1726756200,1735603200
223,1513,1756944000,NA
223,1514,1559347200,NA
223,1533,1558894000,NA
223,1534,1559073500,1568994300
223,1534,1585699200,1595757600
223,1534,1595757600,1784558300
223,1534,1784558300,1784710800
223,1534,1784710800,NA
223,1569,1564559100,1786026200
223,1569,1786026200,NA
223,1570,1560943700,1568980700
223,1570,1585989900,1593943200
223,1570,1593943200,1782972400
223,1570,1782972400,NA
223,1584,1564573800,1786026200
223,1584,1786026200,NA
223,1585,1558656000,1571961600
223,1585,1595093400,NA
223,1796,1592452900,1593532800
223,1796,1597233700,1604927700
223,1796,1630940400,1637766000
223,1796,1660721400,1660722200
223,1796,1660723200,1672444800
223,1796,1687856400,NA
223,1797,1592395300,NA
223,1928,1595289600,1595462400
223,1928,1597747800,1597750100
223,1928,1597752000,NA
223,1932,1595289600,1598616000
223,1932,1598643000,NA
223,1945,1599147000,1599492600
223,1945,1599494400,NA
223,2012,1786115300,1786264200
223,2012,1786264200,NA
223,3461,1692439200,1725355000
223,3509,1694908800,1703581600
223,3509,1725268000,1725619200
223,3509,1725619500,1726905600
223,3509,1726905600,1726943600
223,3509,1726943600,1735131600
223,3509,1760706000,1767863700
223,5403,1782111600,1783409500
224,0,1536710400,1538438400
225,1187,1540401700,NA
225,1532,1565884800,NA
226,0,1661500800,1668200400
226,1294,NA,NA
227,1246,1542240000,1542585600
227,1246,1542585600,1553740200
227,1246,1553745700,1558575900
227,1246,1558594800,1615168800
227,1337,1561091500,1651546800
229,1245,1542657500,NA
229,1260,1548979200,1649462400
230,1224,1540479600,1638403200
230,2488,1645807600,NA
230,2797,1638720000,1645807600
231,982,1550232000,1557100800
231,983,1550160000,1557100800
231,1127,NA,NA
231,1494,1576843300,1590278400
231,2036,NA,NA
231,5435,NA,NA
232,829,NA,NA
233,1234,1541635200,NA
234,0,NA,NA
234,0,1696982400,NA
234,0,1777662200,1788282900
234,0,1784566800,NA
234,0,1788282900,NA
234,1316,1562112000,NA
234,1368,1566864000,1722523500
234,1676,1546503600,NA
234,1677,1564012800,NA
234,2060,1606089600,1779217800
234,2213,1617667200,1693411600
234,2226,1751058000,NA
234,2258,1688693800,NA
234,2265,1683383600,1751080700
234,2265,1752181200,NA
234,2280,1692304300,NA
234,2347,1692284400,NA
234,2585,1673888600,NA
234,3214,1673976000,NA
234,3426,1689688800,NA
234,3499,1693497700,NA
234,3500,1687986000,NA
234,3503,1694038100,1744233600
234,3503,1749502800,NA
234,3639,1697137200,NA
234,3641,1692909000,NA
234,3669,1696540400,NA
234,3706,1697576400,NA
234,3739,1696960800,NA
234,3793,1690924800,NA
234,3941,1702573300,NA
234,3957,1722523500,NA
234,4062,1726092000,1746432000
234,4094,1729091700,NA
234,4343,1743188400,NA
234,4536,1724410800,NA
234,4559,1744233500,NA
234,4563,1751328000,NA
234,4597,1753390800,NA
234,4793,1761836800,NA
234,4954,1761760800,NA
234,5381,1784570400,NA
234,5389,1784574000,NA
235,0,1524614400,1621555200
235,0,1524614400,1621555200
235,0,1524614400,1621555200
235,0,1565654400,1677385000
235,0,1565654400,1677384800
235,0,1565827200,1677385000
235,0,1565913600,1677384800
235,0,1565913600,1677385000
235,0,1.566e+09,1677385000
235,0,1.566e+09,1677385000
235,0,1.566e+09,1677385000
235,0,1.566e+09,1677385000
235,0,1566172800,1677385000
235,0,1566259200,1677384800
235,1036,1521244800,1677384800
235,1037,1521244800,1677384800
235,1038,1521244800,1677384800
235,1039,1521244800,1677384800
235,1040,1521244800,1677384800
235,1041,1521244800,1677384800
235,1042,1521244800,1677384800
235,1047,1521244800,1566086400
235,1047,1566086400,1677384800
235,1056,1521417600,1.566e+09
235,1056,1.566e+09,1677385000
235,1057,1521417600,1526601600
235,1057,1565654400,1565740800
235,1057,1565740800,1677384800
235,1060,1527379200,1527562800
235,1132,1651363200,NA
235,1192,1590364800,1590364800
235,1192,1590451200,1604534400
235,1192,1604534400,1651400300
235,1194,1589673600,NA
235,1196,1589846400,1590796800
235,1201,1589587200,1620950400
235,1202,1589846400,1620950400
235,1208,1589760000,1620950400
235,1217,1641081600,NA
235,1268,1526947200,NA
235,1269,1519776000,1589673600
235,1272,1519718400,1589673600
235,1273,1527033600,1590624000
235,1274,1527562800,1620950400
235,1275,1527379200,1589947100
235,1275,1589954400,NA
235,1276,1527379200,NA
235,1277,1527379200,1620950400
235,1278,1519776000,NA
235,1279,1519776000,NA
235,1288,NA,NA
235,1369,1524096000,1621555200
235,1388,1524614400,1621555200
235,1389,1524614400,1621555200
235,1390,1524614400,1621555200
235,1391,1524614400,1621555200
235,1392,1524614400,1621555200
235,1393,1524614400,1621555200
235,1411,1524614400,1621555200
235,1537,1524614400,1621555200
235,1625,1575504000,1621555200
235,1626,1575590400,1621555200
235,1628,1584144000,1621555200
235,1651,1620950400,1651400100
235,1651,1651486500,NA
235,2301,1621296000,1661335600
235,2303,1620950400,1641031600
235,2508,1566259200,1677385000
235,2509,1565913600,1677385000
235,2545,1566172800,1677385000
235,2546,1566086400,1677385000
235,2547,1566172800,1677385000
236,0,1537920000,1538006400
236,0,1567382400,1567382400
236,0,1567382400,1567382400
236,0,1602547200,NA
236,0,1602547200,NA
236,0,1602547200,NA
236,0,1602633600,NA
236,0,1602633600,NA
236,0,1602720000,NA
236,0,1602806400,NA
236,0,1602892800,NA
236,0,1603238400,NA
236,0,1603238400,NA
236,0,1634099200,1677369600
236,1130,1535932800,1566777600
236,1130,1567382400,1593302400
236,1131,1536019200,1549065600
236,1131,1550707200,1677381500
236,1132,1536019200,1593302400
236,1132,1593648000,1641073200
236,1133,1536019200,1549065600
236,1133,1550793600,1677381500
236,1134,1536019200,1557014400
236,1134,1557014400,1566604800
236,1134,1566604800,1569657600
236,1134,1569657600,1593388800
236,1134,1593734400,1675209600
236,1135,1536019200,1549065600
236,1135,1550793600,1593475200
236,1135,1598659200,1677381400
236,1136,1536019200,1549065600
236,1137,1536019200,1550707200
236,1137,1550707200,1677381500
236,1138,1536019200,1567382400
236,1138,1567382400,1593302400
236,1138,1593388800,1677381500
236,1139,1536019200,1557014400
236,1146,1547769600,1547856000
236,1154,1536019200,1567382400
236,1154,1567382400,1569729500
236,1154,1569729700,1675209600
236,1155,1537920000,1543708800
236,1156,1537920000,1543708800
236,1157,1537920000,1543708800
236,1157,1593734400,1677381200
236,1158,1537920000,1543363200
236,1190,1537920000,1543708800
236,1192,1537920000,1543708800
236,1193,1537920000,1543708800
236,1193,1583625600,1677381200
236,1194,1537920000,1543708800
236,1195,1537833600,1537920000
236,1195,1537920000,1543708800
236,1196,1537920000,1543708800
236,1196,1598659200,1677381400
236,1201,1537920000,1569715200
236,1202,1537920000,1574380800
236,1203,1537920000,1567382400
236,1203,1567382400,1583798400
236,1204,1537920000,1543449600
236,1205,1537920000,1546300800
236,1206,1537920000,1543449600
236,1206,1557100800,1559433600
236,1207,1538006400,1543449600
236,1208,1537920000,1567382400
236,1208,1567382400,1585785600
236,1209,1537920000,1543708800
236,1209,1598659200,1677381100
236,1210,1537920000,1546300800
236,1211,1537920000,1543449600
236,1214,1536019200,1593475200
236,1214,1598745600,1677381100
236,1215,1536019200,1593475200
236,1216,1536019200,1546387200
236,1217,1536019200,1593475200
236,1217,1593648000,1641073000
236,1241,1549497600,1549522800
236,1241,1550966400,1593388800
236,1287,1551052800,1593388800
236,1288,1551052800,1593475200
236,1288,1593907200,1677381100
236,1289,1550880000,1593475200
236,1289,1598745600,1677381100
236,1290,1550880000,1593388800
236,1291,1550707200,1593388800
236,1291,1593648000,1677381200
236,1292,1550966400,1584144000
236,1292,1593907200,1677381100
236,1293,1551052800,1566691200
236,1293,1566691200,1583798400
236,1293,1583798400,1677381400
236,1370,1569801600,1593302400
236,1370,1593820800,1677381400
236,1561,1567382400,1584144000
236,1561,1593820800,1677381400
236,1562,1567382400,1593302400
236,1562,1593734400,1677381100
236,1565,1567382400,1593388800
236,1566,1567382400,1593561600
236,1566,1593561600,1658529500
236,1567,1567382400,1593302400
236,1567,1593907200,1677381100
236,1568,1567382400,1658529500
236,1572,1567382400,1574726400
236,1572,1593907200,1677381000
236,1617,1571702400,1661336700
236,1619,1567382400,1593302400
236,1619,1593907200,1677381000
236,1620,1567382400,1590624000
236,1620,1593907200,1677381000
236,1621,1569110400,1574726400
236,1624,1571616000,1574380800
236,1624,1583452800,1677381400
236,1625,1571702400,1574380800
236,1626,1571529600,1574377200
236,1627,1571702400,1574380800
236,1627,1583539200,1677381100
236,1628,1571702400,1574380800
236,1629,1571443200,1574380800
236,1629,1574553600,1583798400
236,1629,1583798400,1677381100
236,1630,1571529600,1574380800
236,1630,1583625600,1677381200
236,1631,1571529600,1574377200
236,1631,1583625600,1677381200
236,1632,1571788800,1574377200
236,1632,1583452800,1677381200
236,1633,1571443200,1574380800
236,1633,1593734400,1677381400
236,1634,1571702400,1574380800
236,1634,1583452800,1677381100
236,1635,1571443200,1574380800
236,1635,1574553600,1583798400
236,1635,1583798400,1677381100
236,1636,1571443200,1574380800
236,1636,1574553600,1677381500
236,1637,1569283200,1574812800
236,1637,1583625600,1677381400
236,1638,1571788800,1574380800
236,1638,1598659200,1677381100
236,1639,1571788800,1574380800
236,1639,1583452800,1677381400
236,1640,1571702400,1661336700
236,1641,1571702400,1574380800
236,1641,1583539200,1677381100
236,1642,1571702400,1574380800
236,1642,1583539200,1677381200
236,1643,1571788800,1574380800
236,1643,1598745600,1677381100
236,1644,1571702400,1574380800
236,1644,1583625600,1677381400
236,1645,1571702400,1574380800
236,1645,1583798400,1677381100
236,1646,1571529600,1574377200
236,1646,1598745600,1677381100
236,1647,1571616000,1661336600
236,1651,1567382400,1583798400
236,1974,1583539200,1598745600
236,1974,1598918400,1677381200
236,1975,1583452800,1677381200
236,1986,1583625600,1677381200
236,1997,1593648000,1677381400
236,1998,1593648000,1677381400
236,1999,1583539200,1677381100
236,2000,1583452800,1677381100
236,2001,1583539200,1677381100
236,2002,1583452800,1677381100
236,2004,1583452800,1677381100
236,2005,1583452800,1677381400
236,2008,1583452800,1677381400
236,2009,1583539200,1677381100
236,2010,1583539200,1677381100
236,2011,1583798400,1677381100
236,2015,1599350400,1677381200
236,2016,1598832000,1677381200
236,2017,1593734400,1677381400
236,2018,1571702400,1574380800
236,2018,1598832000,1677381400
236,2019,1598745600,1677381200
236,2020,1593734400,1677381400
236,2032,1603065600,NA
236,2077,1593648000,1677381400
236,2299,1602633600,NA
236,2313,NA,NA
236,2314,1603152000,NA
236,2315,1603152000,NA
236,2316,1602979200,NA
236,2317,1603238400,NA
236,2318,1603152000,NA
236,2321,1602979200,NA
236,2322,1603324800,NA
236,2323,1602720000,NA
236,2324,1602720000,NA
236,2325,1602806400,NA
236,2326,1602806400,NA
236,2327,1602892800,NA
236,3148,1633579100,1677369600
236,3327,1633667500,1677369600
236,3328,1633667800,1677369600
236,3334,1633492400,1677369600
236,3335,1633564800,1677369600
236,3336,1633665400,1677369600
236,3337,1633408400,1677369600
236,3338,1634010400,1677369600
238,1061,1548158500,1549216800
239,48,1550064600,1637107200
239,361,1550341500,1636753500
239,361,1637107200,1708361000
239,362,1550152600,1708300800
239,505,1581292800,1585008000
239,2201,1708300800,NA
239,2202,1708300800,NA
240,1318,1559730600,1596585600
240,1377,1604588200,1764784400
240,1378,1579021200,NA
240,1482,1550619900,1783289200
240,1482,1783289200,NA
240,1545,NA,NA
241,1123,1556780500,1581062400
241,1142,1552435200,1553126400
241,1142,1553942800,1581062400
241,1143,1552435200,1553126400
241,1143,1553773300,1556780400
241,1143,1559260800,1560045600
241,1143,1562795500,1581062400
241,1144,1563241200,NA
241,1146,1552435200,1553126400
241,1146,1553516800,1581062400
241,1147,1556948700,1581062400
241,1282,1552435200,1553126400
241,1282,1553612400,1556596700
241,1282,1556596700,1581062400
241,1283,1552435200,1553126400
241,1283,1553670900,1556582400
241,1283,1556582400,1581062400
241,1320,1552435200,1556668800
241,1320,1556684300,1567382400
241,1321,1552435200,1553126400
241,1321,1553498900,1570068000
241,1322,1552435200,1553126400
241,1322,1553786100,1581062400
241,1323,1552435200,1553212800
241,1323,1553600000,1562633100
241,1324,1552435200,1553126400
241,1324,1553530100,1581062400
241,1325,1552435200,1553126400
241,1325,1556866300,1581062400
241,1326,1552435200,1553126400
241,1326,1553857000,1581062400
241,1327,1552435200,1553126400
241,1327,1556700700,1563055700
241,1327,1563145000,1581062400
241,1328,1552435200,1553126400
241,1328,1553759000,1557025200
241,1328,1557095200,1581062400
241,1329,1552435200,1553126400
241,1329,1553506800,1581062400
241,1330,1552435200,1553126400
241,1330,1553685500,1581062400
241,1346,1552435200,1553126400
241,1346,1556762100,1581062400
241,1347,1552435200,1553126400
241,1347,1553585900,1581062400
241,1348,1552435200,1556409600
241,1348,1557090800,1562795400
241,1356,1552435200,1553126400
241,1356,1562713000,1581062400
241,1449,1552435200,1553126400
241,1449,1553875200,1557090000
241,1449,1563361200,1563608000
241,1449,1563608700,NA
241,1483,1552435200,1553126400
241,1483,1565758800,NA
241,1540,1567409400,1581062400
241,1579,1570170600,1581062400
241,1581,1570944900,1581062400
241,1604,1572134400,NA
243,1055,1526471000,1537606800
243,1055,1635951700,1753960400
243,4612,1753983900,NA
244,1285,1553180400,1754132400
244,3794,1713539700,NA
244,4647,1754149500,NA
246,1364,1553711500,1558039900
246,1365,1553772400,1558018200
246,1366,1554556700,1558082200
246,1367,1554384100,1558078000
247,0,1680611500,1680611500
247,0,1714697200,1714697200
247,0,1714697200,1714697300
247,1257,1553279400,1561638700
247,1257,1562091800,1578719000
247,1257,1583945100,1586377000
247,1448,1575927800,1576316900
247,1448,1579645200,1579820500
247,1448,1579820700,1594839300
247,1992,1601665400,1652553000
247,1992,1652553000,1682910300
247,2028,1603308500,1640284200
247,2333,1683147600,1711465500
247,2333,1711465500,1711488900
247,2519,1627407000,1633716000
247,2519,1661209200,1765483300
247,2602,1651885200,NA
247,2603,1654731000,NA
247,2762,1652475600,1703487400
247,2762,1712582000,1721408400
247,2762,1721408500,1733015000
247,2762,1752354000,1752354000
247,2762,1752354000,NA
247,2878,1658430000,NA
247,3084,1711488900,1711494700
247,3241,1680611500,1757006000
247,3252,1681254000,1691383700
247,3305,1684065500,1684284700
247,3305,1694044400,1694044400
247,3754,1711494700,NA
247,3816,1714697300,NA
248,553,1469145600,1557100800
248,790,1469836800,1477440000
248,790,1499990400,1520208000
248,885,1559001600,1570752000
248,885,1591056000,1666569600
248,1344,1563408000,1666483200
248,1583,1559001600,1571356800
248,1583,1595376000,1600905600
248,1583,1653782400,1665788400
248,1583,1683417600,1697756400
248,1736,1594166400,1666134000
248,1736,1681862400,1697151600
248,2069,1594080000,1603043700
248,2069,1653177600,1654128000
248,3742,1712846300,NA
248,3783,1712759400,1742484600
248,3783,1742484600,NA
248,4217,1742403600,NA
248,5267,1742860800,1779469200
248,5267,1779469200,NA
250,0,1683298800,1700583400
250,0,1715350000,1731942000
250,0,1751554800,1761001200
250,192,1558007000,1561137900
250,192,1562872700,1570744800
250,616,1559156700,1561148400
250,616,1562877800,1570056000
250,616,1589576400,1602435600
250,616,1621457400,1623710500
250,618,1559161900,1562612500
250,618,1563475500,1570053600
250,1359,1561148400,1563465900
250,1359,1563820400,1570833700
250,1359,1591727100,1602460800
250,1359,1620590600,1634342400
250,1360,1561138000,1562884900
250,1360,1562884900,1570833700
250,1360,1589241600,1591726800
250,1360,1621442000,1624910300
250,1360,1624910500,1625169300
250,1360,1625184000,1631300400
250,1406,1560265200,1560267000
250,1406,1560297600,1560384000
250,1406,1562612500,1570053600
250,1406,1589317200,1591390800
250,1406,1591550600,1602435600
250,1406,1620581500,1634342400
250,1406,1651753900,1667480400
250,1406,1683223200,1698867000
250,1406,1714081400,1731700700
250,1406,1747053000,1761237100
250,1735,1583884800,1584489600
250,1735,1623710600,1634342400
250,1781,1590531100,1601942400
250,1781,1620321300,1633035600
250,1782,1590524900,1601942400
250,1782,1620259200,1625167900
250,1782,1625169200,1634342400
250,1783,1590537600,1601942400
250,1783,1621448700,1631318400
250,1784,1591053200,1591054800
250,1784,1596153600,1601917200
250,1784,1623778400,1633028400
250,1784,1687827100,1692196200
250,1786,1590782300,1591488000
250,1786,1591714800,1602435600
250,1786,1621631700,1630083600
250,1788,1590798700,1601942400
250,1788,1621436300,1633028400
250,1789,1590794000,1601942400
250,1789,1620329500,1633028400
250,1790,1590885800,1601917200
250,1790,1620324500,1633028400
250,1791,1590895400,1596240000
250,1881,NA,NA
250,1881,1590788400,1593648000
250,1881,1595030400,1602435600
250,1881,1622564500,1634342400
250,2122,1659563100,1669047200
250,2122,1682961500,1699387100
250,2122,1715355000,1731351600
250,2122,1755543600,1762959000
250,2126,1651762800,1669069000
250,2126,1682953200,1699660800
250,2126,1752969600,1760979600
250,2750,1683208700,1698865200
250,2750,1714076000,1731610800
250,2750,1747320800,1761240700
251,1350,1560816000,NA
251,1564,NA,NA
252,0,NA,NA
252,0,NA,NA
252,549,1679237400,1681574100
252,955,1661097600,1690038800
252,955,1690038800,NA
252,1412,1559691300,1573465000
252,1412,1591115000,1605030800
252,1412,1618069500,1637685500
252,1412,1650483600,1774303200
252,1412,1779463600,NA
252,2212,1647026400,1661095800
252,3022,1664996100,1669814700
252,3064,1667867300,1726581000
252,3064,1726588700,NA
252,3264,1681912300,1699109200
252,3264,1712767000,1733167900
252,3264,1745329200,1759413600
252,3264,1759434600,1763841500
252,3264,1775671200,NA
252,3745,1710969000,1716050600
252,3745,1719082800,1725391200
252,3745,1725391600,1727389000
252,3745,1727451800,NA
252,4032,1725561300,1726851600
252,4032,1727464600,1732358900
252,4032,1733255800,1733258000
252,4032,1754673700,1760025600
252,4150,1733259900,NA
253,0,NA,NA
253,0,NA,NA
253,0,1675173000,1695134600
253,1281,1556301600,1785341300
253,1281,1785341300,NA
253,1648,1572426000,1577232000
253,1649,1573732900,1740749400
253,1678,1600880400,1740652200
253,1678,1740757800,1749135100
253,1769,1569503700,NA
253,1775,1584536400,1682593500
253,1775,1683750700,NA
253,1961,1670425000,NA
253,2045,1683814000,NA
253,2191,1612569600,NA
253,2340,1625418000,NA
253,2542,1632238700,NA
253,2797,NA,NA
253,3055,1633852800,NA
253,3096,1671036200,NA
253,3137,1675176000,NA
253,3302,1633689900,1683285600
253,3551,1674225000,NA
253,4137,1742591500,NA
253,4247,1740684500,NA
253,4537,1749135100,NA
253,4692,1760120600,NA
253,5253,1753970400,1778792400
253,5253,1778792400,NA
256,1307,1558008000,1565204400
256,1307,1590836400,1596992400
256,1308,1558008000,1565204400
256,1308,1590836400,1597165200
256,1309,1558008000,1565204400
256,1309,1590836400,1597165200
256,1310,1558008000,1565204400
256,1310,1590836400,1597165200
256,1311,1558008000,1565204400
256,1311,1590836400,1597165200
256,1312,1558008000,1565204400
256,1312,1590836400,1597165200
256,1313,1558008000,1565204400
256,1313,1590836400,1597165200
256,1314,1558008000,1565204400
256,1314,1590836400,1596646800
256,1315,1558008000,1565204400
256,1315,1590836400,1597165200
256,1333,1556668800,1567296000
256,1396,1558008000,1565204400
256,1396,1590836400,1597165200
256,1397,1558008000,1565204400
256,1397,1590836400,1596646800
256,1398,1558008000,1565118000
256,1398,1590836400,1597078800
256,1399,1558004400,1565204400
256,1399,1590836400,1597165200
256,1400,1558008000,1565204400
256,1400,1590836400,1597165200
256,1401,1558008000,1565204400
256,1401,1590836400,1597165200
256,1402,1558008000,1565204400
256,1402,1590836400,1597165200
256,1403,1557964800,1565204400
256,1403,1590836400,1597165200
257,1357,1554746400,1740495600
257,1357,1740516500,NA
258,1659,1551398400,1579298400
258,1659,1579298400,NA
259,0,NA,NA
259,0,NA,NA
259,2082,NA,NA
260,123,1480694400,1559347200
260,1354,1559174400,1568678400
260,1354,1588550400,1602633600
260,1354,1620086400,1630540800
261,0,NA,NA
261,479,NA,NA
261,515,NA,NA
261,529,1458817200,1488022100
261,529,1488022300,1748698199
265,92,1559618300,1624218900
265,629,1559701500,1624218800
265,637,1559836300,1624218900
266,1423,1559865600,1572278400
266,1423,1623096000,1635177600
266,2225,1622300400,1686672100
266,2225,1686742100,NA
266,2226,1621710000,1686758400
266,3087,NA,NA
267,941,1563444000,1569114000
267,1563,1563213000,1563561000
267,1563,1563561000,1568836900
273,0,1783625300,NA
273,551,1472774400,1584387000
273,551,1584387000,1614972500
273,551,1700956800,1701043200
273,1161,1614973400,1639508400
273,1611,1557187200,1663000200
273,1764,1639508400,1643997600
273,1764,1643997600,1644429600
273,1764,1644429600,NA
273,1805,1594252800,1595980800
273,1805,1597174100,1636573400
273,1805,1636573400,NA
273,1808,1594684800,1594857600
273,1809,1594684800,1594857600
273,1810,1594684800,1594857600
273,1810,1607646600,NA
273,1811,1594684800,1594857600
273,1811,1621014300,1634245800
273,1811,1634245800,NA
273,2476,1655752800,NA
273,2761,1652380200,1685116800
273,2769,1626375600,1654994400
273,2769,1663000200,NA
273,2974,1662591000,1662677400
273,2974,1678319900,1678406400
273,2974,1685116800,1718380800
273,2974,1722036100,1749747600
273,2974,1749747600,NA
273,4299,1662578400,1662664800
273,4299,1678320100,1678752000
274,1504,1566172800,1573686000
274,1504,1585699200,1703980800
274,1505,1590451200,1703980800
274,1505,1704067200,NA
274,3989,1704067200,NA
275,1381,1561743900,1755001900
275,1381,1755011500,NA
276,0,NA,NA
276,1654,1568219400,1723769300
276,1655,1568642400,NA
276,1656,1568631600,NA
276,1657,1568204200,NA
276,1668,1571875200,NA
276,1780,1571875200,NA
277,0,1654755600,1660309200
277,1067,1718438400,1722877200
277,1067,1748957000,1754065000
277,1072,1718445600,1722598100
277,1072,1749046700,1754232600
277,1073,1718445600,1722596400
277,1073,1749044700,1754231000
277,1074,1718449200,1723482000
277,1074,1748951200,1754062800
277,1247,1629404900,1636233600
277,1248,1598390400,1604784000
277,1248,1629396000,1636231400
277,1250,1592684500,1598390400
277,1254,1564749000,1572793200
277,1254,1629331200,1635379200
277,1364,1685443800,1698677800
277,1365,1565016300,1572723000
277,1365,1598373000,1604784000
277,1365,1629412900,1636231200
277,1365,1659207000,1668868700
277,1365,1749222500,1754233600
277,1366,1564579800,1572282000
277,1366,1595347800,1604784000
277,1366,1629566300,1636231300
277,1366,1659880000,1668868600
277,1366,1691064000,1698451200
277,1366,1749381400,1754222800
277,1367,1564957800,1572714000
277,1367,1592746500,1604784000
277,1367,1629636600,1636231200
277,1367,1659034800,1668868600
277,1367,1689076700,1698677800
277,2665,1655068800,1668868600
277,2841,1718447400,1723482000
277,2841,1748952400,1751897300
277,2841,1751902000,1754229400
277,3106,1629473400,1636231400
277,3106,1659453300,1668868500
277,3106,1717588700,1728043300
277,3106,1728043300,1745678300
277,3107,1629321300,1636231300
277,3107,1659459600,1668868600
277,3107,1689163300,1698677800
277,3108,1660311000,1668868700
277,3799,1685461500,1698677800
277,3800,1685453400,1698677800
277,3800,1749739900,1754065700
277,3801,1685446800,1698677800
277,3801,1749821600,1754224100
279,1960,1420070400,1503532800
279,1960,1503532800,1727246700
279,1972,1420070400,1503532800
279,1972,1503532800,1756900600
279,1973,1420070400,1503532800
279,1973,1503532800,NA
280,0,1562630400,1565740800
280,613,1657325000,NA
280,1495,1565136000,1572048000
280,1542,1584662400,1603670400
280,1586,1562462100,NA
280,1587,1562617200,NA
280,1588,1562532000,1776306200
280,1591,1565481600,NA
280,1592,1562784800,1602633600
280,1593,1562889600,NA
280,1594,1562889600,1776310800
280,1595,1562802300,NA
280,1598,1562889600,NA
280,1599,1584662400,NA
280,1603,1562889600,1670712700
280,1606,1584489600,NA
280,1612,1584489600,1657159400
280,1758,1776306200,NA
280,1761,1616705500,NA
280,1765,1776310800,NA
280,1767,1620612000,1688365300
280,2744,1690311600,NA
280,3392,1680116400,NA
281,0,NA,NA
281,0,1699228800,NA
281,0,1718902800,1725558700
281,1484,1565449200,1579082400
281,1484,1604531300,1619737200
281,1600,1569888000,1583020800
281,1600,1586811600,1591783200
281,1608,NA,NA
281,1683,1603380700,1619726300
281,1683,1624563800,NA
281,1684,1579082400,1591783200
281,1684,1592235900,1682812800
281,1712,1596742100,NA
281,1748,1586798500,1591783200
281,1859,1619195400,NA
281,1894,NA,NA
281,2088,1603475600,1619726300
281,2088,1629313900,NA
281,2196,NA,NA
281,2250,NA,NA
281,2260,1773176400,NA
281,2261,1622671200,NA
281,2266,1622911600,NA
281,2281,1623085000,NA
281,2312,1624399200,1770840000
281,2312,1770840600,NA
281,2365,1782842400,NA
281,2374,1626984000,1627398000
281,2374,1647643900,NA
281,2384,1626886800,NA
281,2403,1628793300,NA
281,2468,1695081600,NA
281,2471,1631716200,NA
281,2473,1631822700,NA
281,2491,1690502400,NA
281,2492,1682553600,NA
281,2538,1634683000,NA
281,2543,1628554200,NA
281,2544,1634845800,NA
281,2604,1639080800,NA
281,2683,NA,NA
281,2704,1649265700,1698074200
281,2732,1650902400,NA
281,2738,1651337000,NA
281,2784,1654190100,NA
281,2809,1700524800,NA
281,2831,1655294500,1698074200
281,2854,1657390000,NA
281,2855,1657371300,NA
281,2924,1659650800,NA
281,2927,1647362600,1647450900
281,2927,1660815700,NA
281,2933,NA,NA
281,2987,1663260000,NA
281,3030,NA,NA
281,3093,NA,NA
281,3113,1673176300,NA
281,3132,1690481500,NA
281,3133,1694898600,NA
281,3135,1689594100,1784223400
281,3135,1784223400,NA
281,3311,NA,NA
281,3349,1685577600,NA
281,3378,1687305600,NA
281,3381,1687453200,NA
281,3427,1690070400,NA
281,3441,1690675200,NA
281,3453,1690502400,NA
281,3479,1693267200,NA
281,3483,1693504800,NA
281,3512,1695073400,NA
281,3527,1687260500,NA
281,3567,NA,NA
281,3662,1705007100,1711125600
281,3662,1721432700,NA
281,3698,1708020000,1746964700
281,3720,1709769600,1711054300
281,3720,1718064000,NA
281,3726,1710288000,1711054600
281,3726,1720742400,1720828800
281,3726,1720828800,NA
281,3727,1710288000,1711054500
281,3727,1719014400,NA
281,3728,1710288000,1711054500
281,3728,1716595200,NA
281,3730,1710288000,1711054600
281,3730,1719964800,NA
281,3735,1710460800,1711054600
281,3735,1720483200,1720485000
281,3735,1720569600,NA
281,3737,1683849600,1774036700
281,3737,1774040400,NA
281,3738,1710460800,1725569300
281,3746,NA,NA
281,3749,1711065600,1725558700
281,3749,1753120800,NA
281,3750,1711065600,1714490800
281,3750,1715270400,NA
281,3753,1711065600,1712863500
281,3753,1712880000,NA
281,3866,1721333800,NA
281,3870,1717426800,1717427100
281,3871,1758150000,NA
281,3873,1717617700,1717617700
281,3878,1717779600,1717779700
281,3919,1684713600,1773957600
281,3919,1773961200,1774036700
281,3919,1774040400,NA
281,3933,1720553300,NA
281,4042,NA,NA
281,4050,NA,NA
281,4052,NA,NA
281,4057,NA,NA
281,4060,NA,NA
281,4064,NA,NA
281,4207,1693353600,NA
281,4235,NA,NA
281,4260,1741214200,1770753500
281,4260,1770754200,NA
281,4264,1741294800,1770750000
281,4445,1703289600,NA
281,4460,NA,NA
281,4522,1751409400,NA
281,4570,NA,NA
281,4580,NA,NA
281,4581,NA,NA
281,4582,NA,NA
281,4724,1761858000,NA
281,4969,1785963600,NA
281,4978,1786039200,NA
281,5017,1773340900,NA
281,5120,1785855600,NA
282,1538,1563580800,NA
282,1539,1575657300,NA
282,2703,1653465600,NA
284,1476,1584206500,1631034000
287,0,1558695600,1566259200
287,0,1685404800,1700237600
287,0,1744909000,1764590300
287,1491,1559552400,1661531600
287,1491,1682526800,1698364800
287,1491,1712679800,1732492800
287,1491,1744848000,NA
287,1496,1558656000,1565395200
287,1496,1685404800,1698364800
287,1496,1712620800,1732492800
287,1496,1744848000,1745340300
287,1506,1561107600,1698423800
287,1506,1712620800,1732553900
288,342,1572397200,1572480000
289,2719,1627344000,NA
289,2721,1621900800,1733341300
289,2722,1627430400,1743697800
289,2727,1617235200,1751035500
289,2772,1604534400,NA
289,3355,1664397000,NA
289,4352,1743697800,1777453200
289,4513,1751035400,NA
289,5152,1776714600,NA
289,5158,1776790800,NA
289,5206,1777453200,NA
290,0,NA,NA
290,0,1596499200,1605398400
290,0,1625443200,1679443200
290,0,1734048000,NA
290,1362,1602255600,1602288000
290,1806,1594598400,1600453800
290,1969,1600455600,NA
290,1970,1600387200,1755037300
290,2013,1602288000,1664206500
290,2050,1605139200,NA
290,2053,1605225600,1733425200
290,2251,NA,NA
290,2288,1628281900,1631304000
290,2288,1634817500,NA
290,2363,1633086000,NA
290,2530,1634212900,NA
290,2551,1635336000,1776696700
290,2566,1636142300,NA
290,2767,1652800000,1783698800
290,2767,1783698800,1783959000
290,2815,1655300500,NA
290,2868,1657720800,1665180000
290,2868,1689256800,1703784400
290,2868,1719243600,1731073200
290,2977,1662422400,1776257900
290,3002,1664206500,1739219500
290,3002,1739219500,NA
290,3028,1679529600,1726768100
290,3047,1666569600,NA
290,3228,1679875200,NA
290,3320,1683671400,1739464600
290,3320,1739464600,NA
290,3343,1685398100,NA
290,3370,1686614400,NA
290,3444,1691452800,1784728200
290,3612,1699920000,NA
290,3900,1718735400,NA
290,4173,1733424900,1784207500
290,4455,1748289000,NA
290,4468,1748476800,NA
290,4489,1748736000,1785268200
290,4497,1749047200,NA
290,4504,1749427200,NA
290,4545,1751040000,NA
290,4568,1751932800,NA
290,4576,1752537600,1787662200
290,4610,1753920000,NA
290,4633,1755036900,NA
290,5040,1776085000,1785331700
290,5043,1785331700,NA
290,5044,1784641200,NA
290,5047,1785268200,NA
290,5150,1776437000,NA
290,5168,1776687900,NA
290,5362,1783699800,NA
290,5370,1784207500,NA
290,5402,1784728200,NA
290,5466,1787662200,NA
291,1519,1567296000,1568764800
291,1519,1568808000,NA
291,1554,1569412900,1569715200
291,1554,1569715200,1570406400
291,1554,1570536000,1570579200
291,1554,1570622500,1750860000
291,1575,1570363100,1579219200
291,1575,1579435300,1581757200
291,1575,1581768000,1616716800
291,1575,1616889600,1618358400
291,1575,1618358400,1750744800
291,3734,1735388200,1750871800
291,3736,1710590500,NA
291,4398,1745409500,1750852900
291,4398,1750867200,NA
291,4399,1745409500,1750744800
291,4399,1750766300,NA
292,1427,1563494400,NA
292,1428,1563580800,NA
292,2138,1563580800,NA
293,1429,NA,NA
293,1549,NA,NA
293,1560,1568851200,1599306000
293,1564,NA,NA
293,1822,1695859200,1696377600
293,1907,NA,NA
293,1948,1597449600,1726948900
293,1948,1726948900,NA
293,2817,NA,NA
293,3440,NA,NA
294,0,1769302800,NA
294,1660,1578528000,1600387200
294,2115,1612931200,1613520000
294,3234,1608076800,1616323600
294,3234,1679356800,NA
294,3235,1607472000,1607558400
294,3235,1679184000,NA
294,3251,1600300800,1616323600
294,3251,1679788800,1680393600
294,3251,1739584800,NA
294,3294,1680652800,NA
294,3295,1679788800,1742099500
294,3520,1694342000,NA
294,3553,1694340000,1739581200
294,3553,1740882000,1769302800
294,3595,1697400000,1780292200
294,3596,1697508000,1779498000
294,3597,1697587200,NA
294,4163,1734501600,1742099500
294,4163,1742099500,NA
294,4250,1734048000,1740882000
294,4663,1755993600,1757462400
294,4663,1757808000,1773497700
294,4663,1773497900,1778328000
294,4663,1779512400,NA
294,4719,1756684800,1763268400
294,4719,1763337600,1763355100
294,4719,1778331600,1778601600
294,4719,1780531200,NA
294,5248,1763337600,1773495800
294,5248,1778602200,1779580800
294,5248,1780012800,NA
301,1664,1571514200,1625926100
301,1664,1625926100,1725804000
301,2834,1655586600,1726324100
301,4019,1725811200,NA
301,4033,1726324200,1741647600
301,4033,1741809700,1744152700
301,4409,1744632000,NA
302,1882,1595462400,1596585600
302,1882,1596650600,1614444300
303,2132,1615075200,1636426100
303,2132,1640746100,1695546000
303,2132,1695546000,NA
303,3545,1696388900,1756216800
303,3545,1756314000,NA
306,1726,1642714200,NA
306,1727,1629747000,1700244000
306,1728,1614895200,1633694500
306,1729,1631563300,1698944100
306,2621,1642377600,NA
306,2970,1662159600,NA
306,3042,1666296000,NA
306,3616,1698944400,NA
306,3626,1688576400,1689364700
306,3626,1700247600,NA
307,1952,1598659200,1601510400
307,1952,1601769600,1604188800
307,1952,1609459200,1610910000
307,1952,1611381600,NA
307,2163,1615550500,1616929200
307,2163,1616929200,1617192000
307,2163,1617213600,1617278500
307,2163,1617364700,1622160000
307,2163,1622160000,1622592000
307,2163,1630886400,1631664000
307,2163,1631664000,1631919600
307,2163,1631923200,1632571100
307,2163,1632614400,1632765600
307,2163,1632787200,1632916700
307,2163,1632938400,1633003300
307,2163,1633089500,1633176000
307,2163,1633262300,1633381200
307,2163,1633392000,1633554000
307,2163,1633564800,1633716000
307,2163,1633716000,1633770000
307,2163,1633824000,1634040000
307,2163,1634083200,1634212900
307,2163,1634212900,1635724800
307,2163,1636502400,1636761600
307,2163,1636884000,1642464000
307,2163,1649808000,1650456000
307,2163,1650625200,1650844800
307,2163,1651233500,1651579100
307,2163,1651665700,1651838500
307,2163,1652054400,1652162400
307,2163,1652205600,1661170300
307,2163,1661536800,1661540400
307,2163,1707091200,1710460800
307,2163,1710504000,1710756000
307,2163,1710784800,1735603200
307,2229,1617883100,1620302300
307,2229,1620304300,1621468800
307,2229,1621598500,1651363200
307,2229,1661299200,1661472000
307,2229,1661547600,1661904000
307,2229,1661990400,1662055200
307,2229,1662076800,1662209800
307,2229,1662210000,1672531200
307,2229,1682964000,1683028700
307,2229,1683050400,1683115300
307,2229,1683201500,1683288000
307,2229,1683309600,1683374300
307,2229,1683460900,1683806500
307,2229,1684843300,1688169600
307,2229,1694347300,1694447900
307,2229,1694563200,1698796800
307,2229,1701338400,1706745600
307,2229,1707177600,1710763300
307,2229,1710770400,1710772200
307,2229,1710784800,1714176000
307,2229,1714262400,1714564900
307,2229,1714586400,1714737700
307,2229,1714910500,1715169500
307,2229,1715191200,1715342300
307,2229,1715796000,1715947300
307,2229,1715968800,1716033500
307,2229,1716552000,1724630400
307,2229,1724673500,1735603200
307,2229,1735603200,1735646500
307,2229,1745107200,1745712000
307,2229,1746446300,1746921600
307,2229,1746964700,1748649600
307,2229,1748845600,1749513600
307,2229,1750874400,1774483200
307,2300,1624579200,1627344000
307,2300,1627372800,1633046400
307,2300,1747135700,1747267200
307,2407,1628989200,1634644700
307,2407,1634644700,1639436400
307,2407,1652961500,1774958300
307,2407,1775304000,NA
307,2412,1629201700,1629374500
307,2412,1629378000,1629655200
307,2412,1629676800,1639436400
307,2412,1640865500,NA
307,3165,1677085200,NA
307,3221,1616414500,1672444800
307,3221,1681681800,NA
307,3248,1690545700,NA
307,3255,1680912000,1682899200
307,3274,1682676000,NA
307,3415,1692489600,NA
307,3455,1692093700,NA
307,3628,1700438400,1725148800
307,3628,1725494400,NA
307,3734,1710504000,1710756000
307,3734,1710784800,1735387100
307,3741,1710784800,1735689600
307,3741,1774483200,1774915200
307,3741,1776326500,1776435000
307,3741,1776435300,1777334400
307,3741,1777420800,NA
307,4431,1737849600,1747267200
307,4431,1747310300,NA
308,0,NA,NA
308,2090,1593561600,1688507800
308,2227,1604707200,1693785600
310,1832,1590969600,1596326400
310,1832,1608595200,NA
310,1885,1590969600,1596740400
310,1885,1596742100,1599918600
310,1885,1599918600,1606003200
310,1885,1606003200,1616198400
310,1885,1616198400,1627570800
310,1885,1627574400,1633089500
310,1885,1633102000,1660142700
310,1885,1660149600,1684179300
310,1909,1590969600,1597276800
310,1909,1597354500,1599436800
310,1909,1621296000,1657584000
310,1909,1657584000,1657589800
310,1909,1657849000,1658235900
310,1909,1658239900,1672837200
310,1909,1672935300,1672935300
310,2021,1590969600,1596326400
310,2021,1602489600,1621731600
310,2021,1621731600,1754427100
310,2917,1660074200,1693432600
310,3685,1707062400,1781006300
310,3685,1781654400,1781654400
310,3685,1781654400,NA
310,4836,1771695000,NA
312,1527,1608321000,1653523700
312,1527,1648944500,NA
312,2698,1649203200,NA
313,1700,1583064000,NA
314,2586,NA,NA
316,1701,1584057600,1599822000
316,1982,1599822000,NA
317,2073,1582646400,NA
321,1714,1584975600,NA
321,1792,1603465200,NA
324,0,NA,NA
324,1770,1588710900,1599436800
324,1937,1599091200,NA
325,1812,1594857600,NA
327,1165,1574697600,1602691200
327,1803,1602680400,NA
329,677,1591974000,1623486600
329,2286,1623486600,NA
331,1827,1592935200,1596240000
332,1956,1601204400,NA
332,2457,1631026800,NA
332,2511,1633305600,NA
332,2638,1645817200,1754304900
332,2838,1656418400,NA
332,2839,1656423000,NA
332,2931,1660929800,NA
332,3037,1666108800,NA
332,3040,1666195200,NA
332,3245,1680872400,NA
332,3916,1754305000,NA
334,2553,1635433200,1637070600
334,2553,1650032000,1758153599
334,2713,1650030500,NA
336,2094,1610668800,NA
336,2103,1611014400,NA
336,2134,1615248000,NA
336,2136,1615334400,NA
336,2154,1616371200,1632268800
336,2159,1616457600,NA
336,2170,1617062400,1639915300
336,2208,1618704000,NA
336,2209,1618790400,NA
336,2470,1618963200,1663223600
336,2747,NA,NA
336,3290,1682663600,NA
336,3531,1696543200,1779494400
337,1988,1601337600,NA
337,2278,1623196800,1673568000
337,2278,1709510400,NA
337,2308,1624320000,NA
337,2776,1654119800,NA
337,3454,1691076600,1713744000
337,3454,1720634400,1756771200
337,3634,1712966400,NA
337,3725,1710201600,NA
337,3797,1713830400,1720634400
337,3797,1720656000,1726258200
337,3797,1726773400,NA
337,4147,1735496300,NA
337,4673,1756832400,1770116400
337,4877,1770119600,NA
343,1470,1597248100,NA
343,1508,1582898400,NA
344,2391,1627754400,NA
345,1770,1599436800,NA
346,1949,1599782400,1604354400
346,2271,1678908000,NA
347,2128,1600890400,1720304300
347,3738,1745272800,NA
347,3770,1745010000,NA
347,3785,1720224000,NA
347,3870,1717513500,NA
347,3873,1717704000,NA
347,3878,1717866000,NA
347,4179,1744923600,NA
347,4378,1752105600,NA
347,4380,1744837200,NA
347,4385,1745100000,NA
347,4396,1745427600,NA
347,4444,1775408400,NA
347,4501,1748609900,1754485200
347,4672,1760562000,NA
347,4749,1760284800,NA
347,4758,1760133600,NA
347,4768,1760382000,NA
347,4771,1760479200,NA
347,5086,1775253600,NA
347,5089,1775512800,NA
347,5104,1775671200,NA
347,5133,1775930400,NA
348,3766,1613001600,NA
350,1600,1602261900,NA
350,1608,1602182400,1648827300
350,2683,1648827300,NA
354,0,NA,NA
354,0,1709766000,1709766000
354,0,1777593600,NA
354,0,1786456800,NA
354,0,1787097600,NA
354,0,1787148000,NA
354,0,1787148200,NA
354,0,1787150100,NA
354,29,1717509600,1722001200
354,310,1717599600,1722440700
354,782,1717783200,1718928000
354,1088,1716390000,1717513200
354,2413,1599602400,1610668800
354,2413,1617228000,1681905700
354,2414,1600725600,1606946400
354,2414,1615500000,1723766400
354,2415,1599602400,1610661600
354,2415,1617228000,1681945100
354,2415,1714752000,1716375000
354,2415,1728151200,1750377600
354,2416,1601416800,1610402400
354,2416,1616882400,1664798500
354,2416,1665138600,1688050800
354,2416,1689001200,1689087600
354,2416,1693504500,1717718400
354,2417,1598997600,1610661600
354,2417,1617228000,1745343100
354,2418,1598997600,1610661600
354,2418,1619532000,1703980800
354,2419,1598997600,1610661600
354,2419,1617228000,1743811200
354,2420,1598997600,1610661600
354,2420,1617228000,1618956000
354,2420,1619647200,1745334000
354,2421,1625754100,1722902400
354,2422,1625702400,1728220800
354,2423,1625702400,1749859200
354,2424,1625616000,1663576200
354,2424,1667541600,1743018100
354,2502,1630430500,1676894500
354,2502,1711472400,1725202700
354,2503,1630422000,1676894500
354,2504,1630509000,1745349900
354,2505,1630442400,1692643600
354,2505,1696523400,1725235200
354,2586,1630527700,1681992000
354,2586,1689174000,1728831500
354,3071,1666118300,1748908800
354,3072,1665446400,1787097600
354,3073,1666051200,1732035600
354,3073,1732039200,1787148000
354,3074,1665446400,NA
354,3075,1665446400,1787150000
354,3076,1665446400,1787148200
354,3619,1696523000,1696523400
354,3619,1696525200,1728810000
354,3752,1709848800,1738376700
354,3959,1722432000,NA
354,3960,1722435700,1773344300
354,3961,1722440700,1755300900
354,3961,1755560700,1772564900
354,3962,1722451200,1746921600
354,3963,1722454000,1764201600
354,3969,1719007200,NA
354,4011,1722443400,NA
354,4012,1723766400,1738281600
354,4012,1738635900,1778277600
354,4034,1722001200,1773273600
354,4076,1725202800,1755777500
354,4076,1755777500,1773147600
354,4078,1722902400,NA
354,4080,1725235200,1742774400
354,4080,1742925600,NA
354,4085,1722816000,NA
354,4096,1728831600,NA
354,4125,1728220800,NA
354,4156,1728811800,NA
354,4251,1741039100,1741068000
354,4251,1754942500,NA
354,4318,1742817500,1755777500
354,4324,NA,NA
354,4359,1740690000,NA
354,4371,1778278500,NA
354,4377,1738281600,1758628900
354,4377,1760637600,NA
354,4381,1743984000,NA
354,4382,1742583600,1753228800
354,4390,NA,NA
354,4391,1756252800,1776985000
354,4392,NA,NA
354,4404,1745427600,NA
354,4414,1745946800,1745946900
354,4414,1746018000,NA
354,4415,1745946900,NA
354,4439,1745349900,NA
354,4440,1747177200,1754091900
354,4461,1745334000,NA
354,4476,1748865500,NA
354,4492,1746921600,NA
354,4574,1747148400,NA
354,4665,1747161000,1786456800
354,4785,1755777500,NA
354,4814,1758628900,NA
354,4993,1772565000,NA
354,5051,1773148200,NA
354,5192,1776985000,NA
354,5197,1776967200,NA
354,5221,1775174400,NA
354,5407,1773344400,NA
354,5455,1764201600,NA
356,2969,1654857000,NA
356,2993,1654614000,NA
356,2995,1654770600,NA
357,0,NA,NA
357,0,NA,NA
357,0,NA,NA
357,0,1624363300,NA
357,0,1641882100,1665597600
357,0,1665597600,1714149500
357,0,1677283200,1677542400
357,0,1682035200,1683218300
357,0,1682294400,1683137400
357,0,1682467200,1683137500
357,0,1682640000,1702611200
357,0,1744156800,1754519000
357,1840,1682359800,NA
357,1987,1705868000,NA
357,2065,1605916800,1605916800
357,2065,1606035600,1611808000
357,2065,1611810400,NA
357,2066,1618315300,NA
357,2217,1654538200,NA
357,2228,1631016000,NA
357,2253,1622203100,NA
357,2259,1622462500,NA
357,2449,1617151200,1630456800
357,2449,1631242800,NA
357,2450,1633737600,1714749200
357,2450,1714749300,NA
357,2451,1636897500,NA
357,2452,1643691800,1646092800
357,2452,1646283800,NA
357,2485,1635724800,1670001700
357,2485,1670092400,NA
357,2513,1633953500,1641686400
357,2513,1645891200,1648238800
357,2513,1654819200,NA
357,2516,1633867300,1641686400
357,2516,1641923100,NA
357,2564,1636545500,1669915300
357,2564,1675857700,1675875500
357,2564,1675875500,1675875700
357,2564,1675879200,1675984000
357,2564,1675984100,1683132500
357,2564,1683137500,1713802400
357,2564,1713802400,1716566700
357,2564,1716566900,NA
357,2634,1644514000,1687483300
357,2634,1687483800,1687483900
357,2634,1687570300,NA
357,2639,1645810600,1645920000
357,2639,1645952400,NA
357,2746,1651379300,NA
357,2782,1705506400,1705622400
357,2782,1705678100,NA
357,2846,1707750000,NA
357,2904,1658707200,NA
357,3033,1675978900,NA
357,3094,1702178400,1729547000
357,3275,1682527100,NA
357,3425,1690061000,NA
357,3524,NA,NA
357,3627,1654560000,1655488300
357,3627,1713299700,NA
357,3697,1707868800,NA
357,3702,1665597800,1702486800
357,3702,1716163200,NA
357,3830,1729547000,NA
357,4204,1738260000,NA
357,4219,1739966500,NA
357,4257,1753315200,NA
357,4312,1742511600,NA
357,4500,1748426400,1754485200
357,4500,1767837600,NA
357,4590,1753228800,NA
357,4879,1764350100,NA
357,5113,1787191200,NA
358,2049,NA,NA
358,2297,NA,NA
358,3008,NA,NA
359,0,1783555200,NA
359,0,1783555200,NA
359,2348,1625011200,1634083200
359,2348,1652313600,1666915200
359,2348,1683590400,1698364800
359,2348,1715904000,1760572800
359,2371,1625529600,1634083200
359,2371,1652313600,1666915200
359,2371,1683590400,1698364800
359,2371,1715904000,1760572800
362,1521,1773849600,NA
362,4494,1740834000,NA
362,4995,1771337700,NA
365,2404,1628850700,NA
365,2836,1656460800,NA
365,2985,1666742400,NA
365,3144,1675987200,1676026900
365,3144,1676026900,NA
365,3486,1680261900,1682857100
365,3486,1682857100,NA
365,3505,1694584800,NA
365,4820,1761732000,1761750300
365,4820,1763942400,1763988000
365,4820,1763989200,NA
366,0,1609459200,1665004800
366,4083,1728058600,NA
367,2139,1617753600,1627394400
367,2139,1627398000,NA
367,2251,1622116900,1681331500
367,3254,1681331500,NA
368,2118,1613762000,1615575000
368,2118,1615579400,NA
368,2131,1614731600,NA
368,2610,1639782800,1784232000
368,2610,1784232000,NA
368,3493,1698104700,NA
369,1095,1611166200,1634742000
369,2055,1694973600,1732577300
369,2683,1634742000,1688376600
370,2535,1641443000,NA
373,239,1617895600,1663158700
373,239,1663158700,1669130100
373,239,1669130100,1670000600
373,239,1670000600,1692795600
373,941,1662563700,1662998400
373,942,1623664900,1715299200
373,1563,1628281900,1636380000
373,1563,1657292400,1658241000
373,1563,1663165800,1669654800
373,2272,1658241000,1663165800
373,2274,1628281900,1636290000
373,2274,1657288800,1669660200
373,2276,1628505000,1636376400
373,2276,1658754000,1662562800
373,2276,1662998400,1669663700
374,2107,946684800,1041465540
376,1576,1667940500,NA
376,1785,1612198800,1629936000
376,2506,1633118500,NA
376,3431,1691078100,NA
376,4136,1732222800,NA
376,4353,1738951200,NA
377,1891,1645401600,NA
377,2108,1612339200,1612512000
377,2108,1612896600,1614643200
377,2108,1643656400,NA
377,2130,1616803200,NA
377,2623,1645552000,NA
377,2631,1644618200,NA
378,4416,1743292800,NA
378,4447,1745020800,NA
378,4759,1754438400,NA
378,4842,1754524800,NA
378,4843,1756598400,NA
378,5426,1771977600,NA
380,42,1653487400,1687435300
380,205,1653492000,1663621200
380,247,1655831300,1669309200
380,668,1654864900,1669311900
380,711,1654010500,1674140400
380,1480,1652983300,1669303800
380,1481,1652971400,1669465200
380,1730,1654699400,1673306400
380,1731,1663621200,1669306800
380,2802,1653145000,1668527400
381,1613,1660609200,NA
381,1760,1630287400,NA
383,2183,1615579100,NA
384,94,1617408000,1649862000
384,94,1651190400,1654011000
384,119,1652313600,1749734800
384,633,1652054400,1684853600
384,635,1621785200,1655114600
384,636,1615766400,1657723100
384,826,1652140800,1655201000
384,827,1617475800,1622592000
384,3858,1749168000,1751328000
384,4184,1733011200,1733049000
384,4184,1737158400,NA
385,1615,1615892400,1630022400
385,1615,1634860800,1635984000
385,1615,1751932800,NA
386,0,NA,NA
386,0,NA,NA
386,1894,1665689300,NA
386,2366,1626376700,1785511700
386,2367,1626308000,NA
386,2821,1655429500,NA
386,2861,1657659600,1749384000
386,2861,1749384000,1749384000
386,2861,1749384000,NA
386,2865,1626391800,1657627100
386,2865,1657746000,NA
386,2879,1658361600,NA
386,2890,1658620800,NA
386,2891,1658677500,NA
386,3030,1665689300,NA
386,3093,1665919700,1714777600
386,3272,NA,NA
386,3827,1714777600,NA
387,215,1636408800,1678988700
387,1429,1616187600,1619378400
387,1665,1627495200,1671805400
387,1680,1619379000,1687732600
387,1685,1627592400,1662507000
387,1687,1626476400,1665616400
387,1689,1635894000,NA
387,1815,1691679600,1701792300
387,1817,1694724900,1738782200
387,2284,NA,NA
387,2534,NA,NA
387,2664,1647215400,1648493300
387,2664,1665617000,NA
387,2688,1648667100,1656690400
387,2688,1659628000,NA
387,2702,1649354400,NA
387,2870,1693695600,1709968400
387,2916,1660586400,1684173600
387,2916,1690927200,1725652000
387,2916,1725735600,NA
387,3176,1678312800,1685116800
387,3176,1711141200,NA
387,3187,1678298400,1691882900
387,3187,1711134000,1722457900
387,3187,1755180000,NA
387,3191,1695837600,1739651000
387,3197,1678987800,NA
387,3200,1692284400,1698953000
387,3219,1680019200,NA
387,3220,1671818400,1677680899
387,3247,1692212400,NA
387,3442,NA,NA
387,3485,1693522800,NA
387,3523,1691359200,NA
387,4311,1742414300,NA
390,1922,NA,NA
390,2078,1626480000,1626566400
390,2078,1626714000,1638144000
390,2164,1597017600,1649091600
390,2172,NA,NA
390,2689,1633564800,1647959400
390,2689,1648994400,1671654700
390,2689,1681041700,1698147800
390,2693,1632960000,1647950300
390,2693,1660319400,1671632400
390,2693,1681063200,1692057000
390,2723,NA,NA
390,2872,NA,NA
390,3051,1649001600,1660305000
390,3051,1673097900,1681053600
390,3051,1698156900,1722470400
390,3373,1695315600,NA
390,3375,NA,NA
390,3384,NA,NA
391,2556,1626098400,NA
391,2777,1651688300,NA
392,2273,1655787600,NA
393,0,NA,NA
393,1878,NA,NA
393,2140,NA,NA
393,2810,1655001000,NA
393,2827,1655251200,NA
393,2828,1657152000,1783101000
393,2829,1655251200,NA
393,3601,1690219400,NA
393,3602,1688115600,NA
393,3603,1688472000,1711843200
393,3939,1720807200,NA
393,4059,NA,NA
393,4066,1727488800,NA
393,4127,1729821600,NA
393,4562,1751652000,NA
393,5343,1783101000,NA
394,77,1629930600,1659361000
394,92,1628577900,1659361000
394,107,1629244800,1659361000
394,629,1628122000,1659361000
394,634,1626916700,1659361000
394,637,1627167600,1659361000
394,826,1628726400,1650495600
395,1774,1629723600,NA
395,2332,1622505600,1772323200
395,4070,1762390800,NA
395,4538,1750204800,NA
395,5445,1783555200,NA
397,2216,1622980200,1628186400
397,2216,1651806000,1668353200
397,2216,1668353200,NA
397,2218,1625232400,1628186400
397,2218,1651852800,1723410000
397,2218,1723410000,NA
397,2234,1620682200,1621530000
397,2234,1621530000,1664535600
397,2234,1664579800,NA
397,2240,1621020500,1723315300
397,2244,1621607700,1622677400
397,2244,1622677500,1628164900
397,2244,1651863600,1664578800
397,2260,1623343000,1722357600
397,2319,1624464000,1628096400
397,2319,1651773600,1664732200
397,2319,1664741100,1668310700
397,2319,1668310700,1668310800
397,2319,1668310800,NA
397,2353,1625743400,1628096400
397,2353,1651777200,1664735500
397,2357,1626002600,1664646000
397,2365,1624377600,1628096400
397,2365,1651690800,1664654300
405,2245,1621468800,NA
405,3258,1717027200,1717181300
406,919,1688774400,1700992800
406,919,1701538200,1706364000
406,919,1709514400,1714436400
406,919,1716537600,1721059200
406,919,1721088000,1722643200
406,919,1723212700,1724593400
406,919,1736017200,1746460800
406,919,1748975700,1753718400
406,919,1753722000,1759438800
406,919,1764979200,1781913600
406,2571,1629072000,1729957600
406,2571,1735404900,1747350000
406,2571,1749747600,1755385200
406,2571,1755450900,1759438800
406,2571,1767267000,NA
406,2584,1629936000,1735926400
406,2584,1737667700,1748185200
406,2584,1749314400,1759438800
406,2584,1764892800,1781913600
406,3020,1662748200,1675987200
406,3020,1684800000,1717076700
406,3020,1737667500,1737667700
406,3683,1706385700,NA
406,3894,1718254800,1719340800
406,3894,1719360000,1722643200
406,3894,1723075200,1724593200
406,3898,1718323200,1725716700
406,3971,1736283600,1737667300
406,3971,1737667300,1737667500
406,3971,1737745200,1746462600
406,3971,1749321600,1758758000
406,4115,1725192000,NA
406,4230,1736082000,NA
406,4465,1748195500,1749057500
406,4465,1749226800,1753750400
406,4465,1754924400,1756770700
406,4493,1749051900,1754695000
407,0,1658908400,1665418100
407,2494,1615485600,1659083100
407,2495,1615479300,1658908400
407,2873,1659083100,1784138100
407,3081,1670252400,1784048400
407,4205,1784138400,NA
407,4339,1784052200,NA
409,1220,1619740800,NA
409,2569,1630418400,NA
411,2588,1629139500,NA
414,0,NA,NA
414,2978,1662595200,NA
415,677,1713622100,NA
415,710,1713549600,NA
415,1771,1620777600,1679493800
415,2465,1631299500,1642435700
415,2521,1633618800,1656627000
415,2521,1713902800,NA
415,3805,1713524400,NA
416,2381,NA,NA
416,3070,1668025500,1701112800
416,3622,1701113000,NA
417,179,1625431600,NA
417,232,1625144400,1652544000
417,232,1655150700,NA
417,293,1625601500,NA
417,297,1625399400,NA
417,344,1625849100,NA
418,2462,1630072800,1636820600
418,2462,1695220200,1700415900
418,2462,1724367700,1732204800
418,2466,1694817300,1700495200
418,2466,1724881300,1733000400
418,2489,1630101600,1636820500
418,2489,1694884500,1700945400
418,2489,1728139500,1733077900
419,0,1663246800,1664472300
419,1343,1628020700,NA
419,3043,1663244800,1664472300
419,3484,1693510100,1788210000
419,5468,1788210000,NA
420,2211,1718895600,NA
420,2458,1630452600,1690848000
420,2458,1723593600,NA
420,3993,1718841600,NA
420,3994,1715904000,NA
420,4053,1723507200,NA
421,0,1782775800,NA
421,0,1782839700,NA
421,0,1783113300,NA
421,1808,1652901200,NA
421,1843,1655505300,1720633200
421,2342,1625430700,1630421200
421,2342,1654034200,1654119600
421,2342,1654292700,1687802400
421,2342,1687893200,NA
421,2344,1625607000,1654632000
421,2344,1654632100,1719170700
421,2344,1719170700,NA
421,2349,1625697000,1719342500
421,2349,1719342500,1750525200
421,2349,1750525200,NA
421,2364,1626296400,1782252000
421,2364,1782252000,NA
421,2368,1626463700,1654385400
421,2368,1654539600,NA
421,2581,1782757800,NA
421,2761,1752021000,1782839700
421,2792,1654811600,NA
421,2794,1654815200,1718575200
421,2794,1718575200,NA
421,2795,1654983600,NA
421,2805,1654978800,NA
421,2820,1655410600,NA
421,2832,1654119600,1654701300
421,2832,1654718700,1654983600
421,2832,1751481600,1783113300
421,2833,1654651800,1654983600
421,2837,1625963900,1685991600
421,2837,1751396400,NA
421,3066,1654994400,NA
421,3354,1655159400,1685993300
421,3374,1686961800,NA
421,3383,1687048200,NA
421,3391,1720372900,NA
421,3410,1720384500,NA
421,3911,1687553000,NA
421,3924,1685991600,NA
421,3925,1685993300,NA
421,4018,1720458200,NA
421,4299,1752180900,NA
421,4551,1720289700,NA
421,4560,1719867600,NA
421,4561,1719786600,1782586800
422,2100,1612137600,1636070400
422,2101,1612137600,1636070400
424,938,1621875600,NA
424,939,1623776400,1762971600
424,940,1623024000,NA
424,4883,1762986100,NA
425,2287,1623952800,NA
425,2298,1624122000,NA
425,2304,1624226400,NA
425,2608,1639764000,NA
426,1866,1614772700,NA
426,1950,1599185000,NA
427,0,1723050000,1734710400
427,0,1758812400,1775754000
427,0,1780068600,NA
427,0,1785949200,NA
427,0,1786035700,NA
427,0,1787158800,NA
427,0,1787594500,NA
427,1798,1624739100,1690300800
427,2614,1637177300,1709308800
427,2858,1650916900,NA
427,3088,1668013200,NA
427,3175,1673977700,1691701200
427,3175,1698170400,1706288400
427,3175,1751036400,NA
427,3377,1687370400,1723048200
427,3438,1691431200,1758808800
427,3498,1692285300,NA
427,3513,1695060000,1765389600
427,3513,1775764700,NA
427,3517,1692297600,NA
427,3668,1701781200,1749231000
427,3668,1749231500,1752249600
427,3675,1706288400,1756742400
427,3692,1705939200,1762457300
427,3717,1709309200,1764176400
427,3718,1707408000,1749231500
427,3765,1711384700,NA
427,3817,1714579200,1748008800
427,3818,1699380000,1714579200
427,3818,1750190300,NA
427,3828,1714665600,1764003600
427,3913,1719271800,1763488800
427,3991,1723478400,1760716800
427,3991,1760720400,1786035600
427,4014,1752249900,1762448400
427,4069,1726675200,1730750700
427,4069,1730750700,1748016000
427,4084,1728403200,1780068500
427,4165,1752249900,1762461000
427,4170,1734712200,NA
427,4510,1749231000,1752249600
427,4556,1742320800,1777032000
427,4629,1747756800,1759420800
427,4629,1759422600,1765558800
427,4629,1773421200,NA
427,4703,1757098800,NA
427,4775,1756742700,1764781200
427,4775,1772724600,NA
427,4776,1749139200,1779123600
427,4776,1779123700,NA
427,4823,1761742800,NA
427,5053,1772650600,1787594400
427,5053,1787763600,NA
427,5170,1775754100,NA
427,5209,1775056500,NA
427,5265,1776358800,1781715600
427,5265,1781715700,NA
427,5348,1776798000,NA
427,5351,1774546800,NA
427,5361,1778774400,NA
427,5399,1777050100,NA
427,5404,1777921200,NA
427,5405,1777915800,NA
428,2296,1623945600,1687382400
428,2296,1688245200,1747958400
428,4575,1752607200,NA
428,4591,1753295400,NA
428,4596,1753392600,NA
433,1341,1628350200,NA
434,1915,1632848400,1635791400
434,1915,1649269800,1649442600
434,1915,1649458800,NA
434,2989,1663077800,1667321900
434,2989,1668376800,1668376800
434,2989,1668376800,1697576400
434,2989,1698526800,1698526800
434,2989,1698527000,NA
435,1610,1628021400,NA
435,1688,1660860400,1756299300
435,1688,1756299300,1756299400
435,4293,1756299400,NA
436,0,1756323500,NA
436,2194,1765634400,NA
436,2935,1630454400,1654128000
436,2935,1659404400,1659488800
436,2935,1661540400,1663977600
436,2935,1733911200,NA
436,2959,1664039800,NA
436,3310,1683991800,NA
439,2409,1629118800,NA
439,2427,1629158400,NA
440,1733,1660060000,NA
441,0,1677855600,1679143800
441,0,1677868400,1679796100
441,1665,1672002000,1682214800
441,1815,1677517200,1685668900
441,1815,1704232800,1732806900
441,2717,1650139100,NA
441,2870,1649708200,1657632300
441,2870,1678564900,1685116900
441,3176,1647367200,1647387300
441,3191,1678917600,1679853000
441,3191,1679853200,1685106000
441,3200,1677855600,1685757600
441,3200,1705600800,1732837500
441,3203,1679162400,NA
441,3247,1680476400,1685582300
443,2438,1629763200,1751328000
443,4585,1751328000,NA
445,2460,1631107600,1635796500
445,2460,1635802900,1636404400
445,2460,1636572900,1716580400
445,2460,1716580500,NA
445,2515,1633603700,1636136000
445,2515,1636136200,1636999800
445,2515,1637001500,NA
445,2527,1634232200,1638385500
445,2527,1638385800,NA
445,2550,1635286500,1720727400
445,2550,1720728000,1773941900
445,2550,1773941900,1782795600
445,2573,1632474000,1636482300
445,2573,1636489500,NA
445,2626,1648854100,NA
445,2758,1651018500,1721062100
445,2758,1721062800,NA
445,2996,1663881900,1754832800
445,3014,1664823600,NA
445,3063,1667810800,1678991400
445,3063,1678991400,NA
445,3347,1685637000,NA
445,3407,1689262200,1726759700
445,3407,1726759700,NA
445,3452,1690828900,NA
445,3469,1692811800,NA
445,3529,1695837600,1776488400
445,3543,1696537900,NA
445,3588,1700078100,NA
445,3644,1704434400,NA
445,3648,1703060400,NA
445,3729,1710264600,1758041600
445,3729,1758041600,1763658000
445,3868,1718307000,NA
445,3953,1718656500,NA
445,3966,1781638100,NA
445,4026,1725569400,NA
445,4048,1726770300,NA
445,4056,1716393600,NA
445,4086,1726766100,NA
445,4101,1730481300,NA
445,4102,1743018000,NA
445,4119,1730929500,NA
445,4126,1731103200,NA
445,4255,1741041000,NA
445,4681,1756978200,NA
445,4686,1757310700,NA
445,4726,1758661200,NA
445,4781,1758652000,NA
445,4796,1761858600,1774051200
445,4796,1778178600,NA
445,4853,1761057000,NA
445,4875,1775145600,NA
445,4940,1771360600,NA
445,5015,1763488800,NA
445,5249,1776956400,NA
445,5260,1780513200,NA
445,5326,1783621900,NA
445,5354,1786049200,NA
446,2174,1566172800,1726099200
446,2477,1630440000,1717620400
446,2477,1756162800,1781199400
446,2477,1781199400,NA
446,2520,1630504800,1682553600
446,2520,1682553600,1746720000
446,2562,1636071000,1648598400
446,2562,1648598400,1740095500
446,2562,1773255600,1780254000
446,2589,1638273500,1702058400
446,2589,1702058400,1746637200
446,2624,1642642200,1682035200
446,2624,1682035200,1758646800
446,2624,1758646800,1758646900
446,2642,1646247600,1682035200
446,2642,1682035200,NA
446,2781,1653679700,1683050400
446,2781,1683050400,1709146800
446,2781,1709164800,1772128800
446,2875,1658275200,1700416800
446,2875,1700416800,NA
446,2906,1787677200,NA
446,2955,1717783200,NA
446,2960,1710624600,1762020900
446,3084,NA,NA
446,3138,1675195100,1700589600
446,3138,1700589600,NA
446,3140,1675358500,1684800000
446,3140,1684800000,NA
446,3358,1685732400,NA
446,3488,1694635300,1787158800
446,3516,1697673600,1698948000
446,3599,1698948000,1750964400
446,3599,1787158800,NA
446,3600,1699211500,1706490000
446,3600,1758646900,NA
446,3661,1703012400,NA
446,3686,1705622400,1753224000
446,3687,1706281200,1753828400
446,3687,1754481700,NA
446,3704,1708124400,NA
446,3779,1689177600,NA
446,3832,1715126400,1787850000
446,3874,1714047400,NA
446,3949,1721430000,NA
446,4044,1725534000,1773255600
446,4045,1726516700,1752681600
446,4045,1762020900,NA
446,4046,1726345900,NA
446,4073,1720569600,1727395200
446,4073,1727395200,1727395800
446,4073,1751414400,1757397600
446,4073,1781071200,1787677200
446,4121,1731016800,NA
446,4128,1730916000,1751398100
446,4158,1734116400,1745348400
446,4384,1744754400,NA
446,4395,1745350900,NA
446,4402,1744322400,NA
446,4426,1746644600,1785351600
446,4426,1785351600,NA
446,4433,1746720000,1785264400
446,4433,1785264400,NA
446,4542,1750878000,NA
446,4548,1750964400,1756155600
446,4557,1751398100,NA
446,4573,1727395800,1751414400
446,4573,1757397600,1781071200
446,4593,1752624000,NA
446,4661,1756155600,NA
446,4680,1752688800,1756162800
446,4680,1787850000,NA
446,4779,1761069600,NA
446,4791,1753214500,1761242400
446,4791,1765486800,NA
446,4792,1761242400,NA
446,4984,1772132400,1784762900
446,4984,1784762900,NA
446,5165,1778626800,NA
446,5244,1780254000,NA
448,0,NA,NA
448,0,1668816000,1711823000
448,0,1711886300,1714415600
448,2437,1630472400,1638259200
448,2437,1652443000,1664816300
448,2437,1666005400,1724392800
448,2437,1724425200,NA
448,2459,1630472400,NA
448,2467,1668510800,1676533600
448,2467,1676534000,NA
448,2486,1666702600,1676382300
448,2486,1676382600,1693998600
448,2486,1694005200,1711843200
448,2486,1714651100,NA
448,2695,1710201600,1710270700
448,2695,1711180800,1714415600
448,2909,1663266400,1695794400
448,2909,1695807000,NA
448,2910,1659916800,1660089600
448,2910,1667659500,1711843200
448,2910,1711972900,NA
448,2991,1663772500,1680281900
448,2991,1695200600,1711929600
448,2991,1724414500,1724414500
448,2991,1724414500,NA
448,2997,1695390000,1711886300
448,2997,1715202000,NA
448,2998,1663954800,NA
448,2999,1663263900,NA
448,3000,1664205300,1667663100
448,3000,1680273000,1688536800
448,3000,1695396600,1711843200
448,3000,1714564900,1724414500
448,3049,1666809900,1711868300
448,3049,1714478300,NA
448,3052,1666742400,1696157000
448,3052,1696243500,NA
448,3882,1662559600,1711188100
448,4291,NA,NA
449,2466,1630956000,1637165800
453,2512,1635022800,NA
454,3013,1664582400,NA
455,0,NA,NA
455,0,1567516200,1610323200
455,0,1656536400,1667593600
455,0,1681948800,1717423200
455,0,1682010200,1717696800
455,0,1686787200,1721991700
455,1906,1621468800,1673381500
455,2164,1565465300,1634342400
455,2164,1637452800,1649066400
455,2292,1631664000,1677153700
455,2431,1643328000,1675339300
455,2431,1682604000,1739361500
455,2633,1667476700,1682690400
455,2928,1673468500,1692282600
455,3134,1677423600,1721753700
455,3278,1692576000,1709787600
455,3615,1714845400,1738792800
455,3615,1761585700,1779893400
455,3677,1743096000,NA
455,3743,1723420800,1762128000
455,3812,1730930400,1734697900
455,3812,1734706800,1734729100
455,3812,1734729600,NA
455,3952,1734729100,1743096000
455,4189,1738793700,1761584500
455,4189,1761584500,1761584900
457,2448,1630510000,NA
458,2529,1634187600,NA
458,2575,1636502400,NA
458,2578,1636776000,1715702700
458,2578,1715702700,NA
458,2582,1637211600,1690926200
458,2582,1690926200,NA
458,2589,NA,NA
458,2591,1637020800,NA
458,2593,1638489600,NA
458,2594,1638576000,NA
458,2595,1638662400,NA
458,2597,1638756000,NA
458,2636,1645196400,1653350400
458,2636,1653350400,1725926400
458,2636,1725962400,1729796400
458,2636,1733522400,NA
458,2684,1648254000,NA
458,2715,1651361400,NA
459,2697,1634911200,NA
460,2579,1636156800,1666569600
460,2579,1719273600,NA
460,2605,1636156800,1664560800
460,2605,1664640000,1671145200
460,2605,1671147000,NA
460,2615,1647388800,1671246500
460,2615,1671246600,1714435200
460,2615,1719766800,1719770400
460,2615,1720314000,1720314600
460,2615,1721264400,NA
460,3204,1679184000,1680672000
460,3236,1680672000,NA
460,3257,1721260800,1721264400
460,3257,1721268000,NA
460,3923,NA,NA
461,2983,1667174400,NA
461,3174,1661817600,NA
462,0,1634688000,1688169600
462,3464,1688169600,1706997500
462,3803,1713823100,1721155000
462,3943,1722852000,NA
463,0,NA,NA
463,1094,1646737200,1651244400
463,1094,1678456800,1682553600
463,1247,1650207600,1653861600
463,1247,1674045000,1674045000
463,1247,1674045000,1689638400
463,1247,1709596800,1710015700
463,1247,1710806400,1719878400
463,1247,1743768000,1747225000
463,1248,1650209400,1653861600
463,1248,1674045000,1689638400
463,1248,1709424000,1709929300
463,1248,1710806400,1719878400
463,1248,1743415200,1747225200
463,1249,1646737200,1651244400
463,1249,1678276900,1678726800
463,1250,1647104400,1647364500
463,1250,1647364500,1649509600
463,1250,1649510500,1650145500
463,1250,1650204000,1650722600
463,1253,1646737200,1651244400
463,1253,1678276900,1682553600
463,1253,1711497600,1714089600
463,1254,1650037500,1653861600
463,1254,1673971200,1689638400
463,1254,1709596800,1710020900
463,1254,1710417700,1719878400
463,1254,1744020000,1747225000
463,1286,1678813200,1682553600
463,1286,1711497600,1714089600
463,2646,1646604000,1646609000
463,2646,1646737200,1651244400
463,2646,1678449700,1678726800
463,2646,1678804200,1682553600
463,2646,1711497600,1714089600
463,2652,1646739000,1651244400
463,2652,1678456800,1682553600
463,2652,1712764800,1714089600
463,2653,1646738400,1651244400
463,2653,1678276900,1682553600
463,2653,1711497600,1714089600
463,2659,1646737200,1648048400
463,2659,1648048800,1651244400
463,2659,1678456800,1682553600
463,2659,1711497600,1714089600
463,2660,1646737200,1650145500
463,2660,1650153600,1651244400
463,2660,1678284000,1682553600
463,2660,1710028800,1710113500
463,2660,1710158300,1739318400
463,2661,1646737200,1651244400
463,2661,1678456800,1682553600
463,2661,1710970200,1711052500
463,2661,1711497600,1714089600
463,2662,1646737200,1650731400
463,2662,1650746400,1653861600
463,2662,1681916400,1689638400
463,2662,1709596800,1710020900
463,2662,1710331100,1710331300
463,2662,1710331300,1710331400
463,2662,1710331400,1719927200
463,2662,1743426000,1747225200
463,2663,1646737200,1651244400
463,2663,1678276900,1682553600
463,2663,1711497600,1714089600
463,2665,1647104400,1651244400
463,2665,1678284000,1682553600
463,2666,1647104400,1647383400
463,2666,1647383400,1647383400
463,2666,1647385200,1651244400
463,2666,1678284000,1682553600
463,2666,1711497600,1714089600
463,2667,1647104400,1651244400
463,2667,1678456800,1679050800
463,2668,1647104400,1650493800
463,2669,1647104400,1651244400
463,2669,1678284000,1682553600
463,2669,1711497600,1714089600
463,2670,1647104400,1651244400
463,2670,1678284000,1682553600
463,2670,1711497600,1714089600
463,2675,1647384300,1651244400
463,2675,1711497600,1714089600
463,3108,1678284000,1682553600
463,3108,1711497600,1712764800
463,4224,1739365400,1739459500
463,4224,1739459500,1740268800
463,4224,1740355200,1740873600
463,4224,1740916700,1747225100
463,4231,1739491200,1740268800
463,4231,1740916700,1747225100
463,4272,1741089500,1747225200
463,4273,1741003300,1747225100
463,4274,1741003300,1747225100
463,4274,1757930400,1760487400
463,4275,1741089500,1747225200
463,4276,1741089500,1747225200
463,4277,1741089500,1747225200
463,4278,1740916700,1747225200
463,4279,1740916700,1747225200
463,4280,1740916700,1742490000
463,4280,1742490900,1743242400
463,4281,1740916700,1747225100
463,4282,1740916700,1747225100
463,4283,1741089500,1747225200
463,4284,1741089500,1747225200
463,4284,1753988400,1754243300
463,4285,1741089500,1747225200
463,4286,1741003300,1747225100
463,4360,1743163100,1747225100
463,4361,1743076900,1747225200
463,4362,1743246000,1747225100
463,4363,1743076900,1747225100
463,4364,1743163100,1747225200
463,4424,NA,NA
464,2124,1682350100,1685473000
464,2124,1690987800,NA
464,4338,1733336000,NA
464,4367,1733256300,NA
465,2250,1665610200,NA
465,2704,1733940000,NA
465,3835,1697659100,NA
465,4460,1690268300,NA
465,4889,1695421400,NA
467,1818,1636572700,1776816000
467,1818,1776826400,NA
467,2558,1636156000,1776196100
467,2558,1776211100,NA
467,3077,1636665300,1746729600
467,3763,1711678200,1762896600
467,3763,1762901200,NA
467,4143,1746737200,1776798000
467,4143,1776801500,NA
467,5157,1776740400,NA
468,2687,1730221200,NA
468,4314,1745344800,NA
469,0,NA,NA
469,0,NA,NA
469,0,1688256000,1688311800
469,0,1688311700,1688311700
469,0,1688311700,1688311700
469,0,1738093200,1756837200
469,0,1757336400,NA
469,2581,1658318300,1662582700
469,2581,1688311800,1698130800
469,2674,1690156800,1695859200
469,2730,1655424000,1672444800
469,2730,1687873500,1698246000
469,2749,NA,NA
469,2803,1652209200,1666890900
469,2840,1656435300,1662567300
469,2840,1687800600,1699390800
469,2851,1657214100,1662681600
469,2851,1687910400,1694476800
469,2866,1657762200,1662508800
469,2866,1688515200,1694476800
469,2975,1662584400,1697045400
469,2975,1711642200,1738093200
469,3181,1685718700,1698147000
469,3391,1688312000,1698138000
469,3410,1688581200,1696536000
469,3420,1688947200,NA
469,3616,NA,NA
469,4551,NA,NA
470,0,NA,NA
470,2700,1645488000,NA
472,0,1697630500,1719446400
472,0,1711019400,1711043000
472,0,1719990000,NA
472,3062,1667211600,1673976400
472,3062,1673976400,1673976400
472,3062,1673976400,1673983400
472,3062,1673983700,1711014700
472,3062,1711043000,1766941000
472,3368,1697630500,1697723600
472,3368,1701724500,1710265200
472,3368,1710265200,1711192800
472,3368,1717160400,1720905000
472,3368,1721160000,1751486600
472,3368,1751796600,1752163700
472,3368,1752530000,1758131100
472,3564,1697673600,NA
472,3731,1711192800,1716731600
472,4553,1751486600,NA
472,4914,1766941000,NA
472,5225,1778514300,1781263000
472,5376,1781529000,1783786900
472,5376,1785244200,NA
476,2592,1639665500,NA
477,1896,NA,NA
481,2613,1640476800,NA
483,2694,1649930400,NA
483,2708,1649930400,NA
483,2710,1654296600,1654725500
483,2710,1654725500,1655130900
483,2710,1655136800,NA
483,2736,1649931000,NA
483,2863,1657725400,NA
483,2864,1657679000,NA
483,2912,1659695400,NA
483,3308,1683282400,1696118400
483,3308,1697587200,NA
483,3526,1683324000,1696868900
483,3526,1696878700,NA
485,0,NA,NA
485,2640,1646092700,1699046700
485,2640,1699046700,1710890100
485,2640,1710890100,NA
485,2641,1646178400,1699044400
485,2641,1699044400,1710887000
485,2641,1710887000,NA
485,2643,1646262100,NA
485,2644,1646346000,NA
485,2645,1646430500,NA
485,2647,1646603900,1660073500
485,2647,1689279700,NA
485,2648,1646686100,1699386600
485,2648,1699386600,1711474600
485,2648,1711474600,NA
485,2656,1646862800,1680114600
485,2658,1646955900,1699461000
485,2658,1699461000,1711551000
485,2658,1711551000,NA
485,2892,1680038000,NA
485,3232,1680115200,1699480800
485,3232,1699480800,1711647400
485,3232,1711647400,NA
485,3396,1688605800,1691778800
485,4002,NA,NA
485,4003,NA,NA
485,4694,NA,NA
486,3673,1693520100,NA
486,3897,1715634600,NA
486,4035,1722897700,NA
487,1363,1644796800,NA
488,3079,1647785300,NA
491,1867,1597708800,1621036800
491,1914,1645747200,1670457600
491,1914,1670630400,NA
491,2481,1632347800,NA
491,2572,1651441200,NA
491,2635,1686009600,NA
491,2657,1644011500,1683676800
492,0,1678186600,NA
492,3605,1699282800,1706775800
492,3605,1716798200,1718496000
492,4996,1678147200,NA
492,4997,1696982400,NA
492,4998,1727740800,NA
492,4999,1727740800,NA
492,5000,1727740800,NA
493,2175,1637611300,NA
493,2850,1716210000,NA
494,638,1646758900,1676319000
495,2672,1646837200,NA
499,2498,1675299500,NA
499,2671,1647902700,1648757900
499,2671,1648757900,1654021500
499,2671,1654021500,1677337000
499,2671,1691852200,NA
500,2400,1750118400,NA
500,2915,1746208800,NA
500,2933,1661068900,NA
500,3357,1693321200,1698796800
500,3357,1710590500,NA
500,3404,1689126800,NA
500,3412,1689448200,NA
500,3424,1689946200,NA
500,3460,1692223200,NA
500,3560,1697409500,NA
500,3609,1698957600,NA
500,3610,1699916500,NA
500,3660,1703379600,NA
500,3744,1711036800,NA
500,3761,1711562400,NA
500,3891,1730506500,NA
500,4114,1730492200,NA
500,4133,1731880800,NA
500,4483,1759190400,NA
500,4905,1758837600,NA
500,5042,1759104000,NA
500,5121,1779998500,NA
503,2678,1647982800,NA
507,0,1647259100,1650030500
507,0,1650030500,1701874700
507,3707,1708695200,1725888800
507,3707,1725891000,NA
508,2137,1666399600,1666446300
508,2137,1666458900,1666481700
508,2399,1758334100,1758334700
508,2399,1758810600,NA
508,2725,1652279300,1665082800
508,2725,1665082800,1665085300
508,2725,1665085300,1775440800
508,2760,1652371800,1665175600
508,2760,1665175600,1775526400
508,2768,1649440800,1649443100
508,2923,NA,NA
508,4831,1763200800,NA
508,5233,1779063000,NA
508,5241,1779151500,NA
508,5245,1779312900,NA
509,0,1701266400,1701266400
509,0,1784415600,NA
509,1762,1666742400,NA
509,1763,1667001600,1677780000
509,1763,1677780000,1695168000
509,1763,1695168000,NA
509,2378,1679234400,NA
509,2599,1700506800,NA
509,2600,1740155500,NA
509,2685,1648483000,1761919400
509,2818,1667433600,NA
509,2952,1664218800,NA
509,3382,1701266400,NA
509,3684,1706799600,NA
509,3804,1706369400,NA
509,4533,1750701600,NA
509,4794,1761848000,NA
509,4810,1762369200,NA
509,4822,1762011100,1762128000
509,4895,1764862200,NA
509,4902,1765305000,NA
509,5030,1773950500,NA
509,5036,1776240000,NA
509,5284,1781020800,NA
510,1030,1724872400,1758720300
510,1602,1758745500,NA
510,2690,1648666200,1724871600
511,2087,1648848900,1678058000
511,3173,1678058500,NA
515,0,1714089600,1733234400
515,1957,1733234400,NA
517,2735,1649721600,NA
520,0,1724024200,NA
520,0,1741441900,1741443100
520,0,1770406100,1770406300
520,0,1787572700,NA
520,498,1524787200,1625583600
520,512,1405641600,1416009600
520,753,1462406400,1467244800
520,759,1467244800,1508976000
520,759,1508976000,1524787200
520,1497,1660089600,1741384200
520,1580,1727654400,1741046400
520,2336,1625772500,NA
520,2343,1625598000,NA
520,2479,1662076800,NA
520,2733,1651017600,NA
520,2737,1651260300,NA
520,2764,1652981100,NA
520,2773,1653490400,NA
520,2779,1653523200,1727568000
520,2780,1653762000,1721692800
520,2786,1654646400,1736899200
520,2940,1661372800,NA
520,2965,1662131000,1698070100
520,3240,1680488100,NA
520,3249,1680652800,1701181300
520,3318,1684454400,NA
520,3397,1687392000,NA
520,3492,1694131200,NA
520,3572,1719944200,NA
520,3575,1697811300,NA
520,3710,1654992000,1735689600
520,3710,1.755e+09,1758381700
520,3710,1762430500,NA
520,3715,1709659300,NA
520,3820,1710432000,NA
520,3836,1715199400,NA
520,3954,1722297600,1744908800
520,4006,1721779200,1741564800
520,4006,1744908800,NA
520,4041,1726531200,NA
520,4262,1741305600,1770494500
520,4262,1770494700,NA
520,4263,1741384300,1741384600
520,4263,1741384600,1770211100
520,4263,1770465500,NA
520,4270,1741443300,1741443300
520,4270,1741443600,1770677100
520,4289,1741622400,1770739300
520,4289,1770836400,NA
520,4295,1727654400,1741219200
520,4298,1741898400,NA
520,4472,1748592000,1761944000
520,4472,1761944000,NA
520,4623,1741219200,1770336000
520,4710,1741204200,1770422400
520,4710,1770422700,NA
520,4861,1768996900,NA
520,4955,1770406800,NA
520,4957,1741370400,1770508800
520,4957,1770509000,NA
520,4959,1770677200,NA
520,4963,1741476700,1770740400
520,4963,1770740400,NA
520,4986,1787576400,NA
522,2747,1651705200,1656255000
522,2747,1656270000,1669766900
522,2747,1687644000,1699463700
522,2749,1653249500,NA
523,2774,1656374400,NA
523,2789,1656003100,NA
523,2790,1656087200,NA
523,2793,1657027600,1657228500
523,2822,1655475800,NA
523,2824,1657152000,NA
523,2884,1659052800,NA
523,3007,1709586000,NA
523,3020,1774742400,NA
523,3714,1709145700,NA
523,4319,1742940700,NA
523,4465,1766361600,1774090800
523,4465,1774178200,NA
523,4493,1766361600,1774090900
523,4493,1774310400,NA
523,5048,1772323200,1774090900
523,5048,1774310400,NA
523,5049,1772323200,1774090900
523,5049,1774177700,NA
526,0,NA,NA
526,0,1695945600,1695945600
526,0,1696118400,1696118400
526,2778,1653598100,1664213500
526,2778,1664231400,NA
526,2967,1687910400,NA
526,3001,1664213800,NA
526,3447,1695600000,NA
526,3463,1696291200,1712982700
526,3470,1687824000,NA
526,3478,1684972800,1738540800
526,3559,1693180800,NA
526,3583,1697068800,NA
526,3584,1696118400,1777057200
526,3584,1778025600,1778168700
526,3584,1778168700,NA
526,3585,1696974700,NA
526,3586,1696377600,NA
526,3587,1696377600,NA
526,3625,1696975100,1714592900
526,3647,1697813200,1742949400
526,3670,1706054400,NA
526,3699,1697587200,1778034800
526,3711,1698105600,NA
526,3758,1698710400,1710806400
526,3758,1712982700,NA
526,3759,NA,NA
526,3814,1714521600,NA
526,3942,1710806400,NA
526,3948,1696035600,NA
526,4254,1741046400,NA
526,4341,NA,NA
526,4355,1743724800,NA
526,5169,1777057200,NA
526,5217,1778025600,NA
526,5218,1742949400,1778025600
526,5352,1738607000,NA
527,2929,1662142500,NA
527,2934,1662649200,NA
527,2936,1663012900,NA
528,3238,1661982100,1776961200
528,3238,1776969600,NA
528,3387,1687460100,NA
528,3414,1687485600,NA
528,3467,1721262300,NA
528,3540,1696467100,NA
528,3542,1696522200,1776279600
528,3542,1776285000,NA
528,3544,1696712700,1776644700
528,3544,1776647000,NA
528,3548,1696895600,1776542100
528,3548,1776542600,NA
528,3693,1707163100,1711511300
528,3693,1712266800,NA
530,2756,1618876800,1714430500
530,3059,1667520000,NA
530,3092,1699137700,NA
531,2806,1654992000,NA
533,3480,1693362600,1754497800
533,3480,1754505600,NA
534,3004,1693581200,1738336800
534,3562,1693602000,NA
535,2768,1653068700,NA
535,2923,1659565300,1700179800
535,2923,1700179800,NA
535,3678,1705287200,NA
535,3937,1706400000,NA
537,0,1713953800,NA
537,0,1714132700,NA
537,0,1720637000,NA
537,2847,1657100700,1684173600
537,2847,1684173600,1713992400
537,2847,1713992400,1714251600
537,2860,1657226400,1683130900
537,2860,1683130900,1719334800
537,2860,1719342000,NA
537,3645,1714046500,NA
538,2100,1636223200,1701960000
538,2101,1636303700,1654874400
538,2282,1655295600,1701870600
539,0,1725483000,NA
539,4038,1696952400,1725570600
540,0,1778265900,NA
540,2853,1657730200,NA
540,2867,1657832700,NA
540,2880,1658780700,NA
540,2881,1658789600,NA
540,2882,1658794000,NA
540,2883,1658857900,1784566800
540,2883,1784566900,1785339000
540,2883,1785339000,NA
540,2885,1710797400,1776791400
540,2885,1776791400,NA
540,2895,1664913700,1782232800
542,2913,1662154100,NA
542,3813,1714598100,NA
542,3979,1723582800,NA
542,4639,1755129600,NA
543,0,1658880000,1660938200
543,2899,1658966400,NA
544,2896,1660221000,NA
545,2049,1675976400,1710931300
545,2049,1710931300,1736434800
545,2297,1679402800,NA
545,3008,1664550000,1674248400
545,3008,1674248400,1709812700
545,3008,1709812700,NA
545,5212,1777564800,NA
549,3104,1660060800,NA
549,3105,1660050000,NA
551,239,1692795900,NA
551,942,1715299200,NA
551,1563,1662998400,1663167000
551,2274,1694532700,1700841600
551,2276,1662654300,1662827900
551,2276,1697223600,1716379100
551,2276,1724946300,1728572400
553,1474,1750795300,NA
553,5162,1775579000,NA
554,3741,1775023200,1776211200
555,3400,1688850000,NA
555,3930,1721746400,1736891100
555,3930,1736891100,NA
557,4222,1785456000,NA
559,2268,NA,NA
559,2275,1663963500,1746136800
560,3256,1731108600,NA
560,4122,1731004200,NA
560,4649,1755705100,NA
560,4653,1755799200,NA
562,0,NA,NA
562,3579,1698153100,NA
562,3608,1667304000,1698153100
562,3857,1716577400,NA
564,2699,1664307300,NA
564,3139,1705432300,NA
564,3168,1687913700,NA
565,3015,1664980500,1664987000
565,3015,1664987000,NA
566,0,1692129500,1692141400
566,0,1692147600,1692227100
566,3379,1686677100,1692362200
566,3379,1692362200,1768921600
566,3379,1769000200,NA
566,3472,1692227200,NA
566,3613,1675915400,1692362200
566,3613,1692362200,1756400400
566,3689,1709649700,1724682800
566,3689,1729101000,1743177600
566,3689,1756215900,NA
566,3751,1705508500,NA
566,4089,1724683600,1729101000
566,4089,1735914600,1743425800
566,4089,1743436800,1756215600
566,4089,1768489000,NA
566,4532,1749585700,NA
566,4899,1756400400,NA
566,4971,1784149200,NA
566,5321,1782322200,NA
567,3010,1666155600,1714579300
567,3146,1674172800,1714579300
568,2284,1637884800,NA
568,2534,1634407200,1765304300
568,3442,1691782100,1755195300
570,3231,1671732000,NA
572,3056,1664524800,1671559200
572,3056,1671559200,1677508700
572,3056,1677509100,1677878900
572,3056,1677878900,1698337000
572,3056,1698347900,1737997200
572,3056,1738011600,NA
572,3082,1668079400,1678129200
572,3082,1709575200,1743688800
572,3178,1678132700,1709570000
572,3178,1743703200,NA
572,3192,1677670100,NA
572,3649,1701982800,NA
574,3069,1666020400,1666021600
574,3069,1666021600,NA
574,3477,1693267200,NA
574,3495,1694192600,NA
574,3636,1686245400,1694192600
574,3636,1701820800,NA
575,0,1738360300,NA
575,2957,1684879200,1728423700
575,2957,1738359700,1738360200
575,2957,1738360200,1738360300
575,2962,1680193500,1683578100
575,2962,1683578100,1782145500
575,3253,1681311100,1683578200
575,3253,1683578200,NA
575,3282,1683064800,1683578200
575,3282,1683578200,NA
575,3356,1686088800,NA
575,3403,1689033600,NA
575,3448,1690899800,1755800700
575,3459,1695158800,1755801100
575,3518,1755801100,NA
575,4063,1727395200,NA
575,4064,1755800700,NA
575,4074,1727904000,NA
575,4208,1759163300,1759244300
575,4208,1759302000,NA
577,0,NA,NA
577,0,NA,NA
577,0,NA,NA
577,0,NA,NA
577,0,NA,NA
577,0,NA,NA
577,0,NA,NA
577,0,NA,NA
577,0,NA,NA
577,0,NA,NA
577,0,NA,NA
577,0,NA,NA
577,0,NA,NA
577,0,NA,NA
577,0,NA,NA
577,0,NA,NA
577,0,NA,NA
577,0,NA,NA
577,0,NA,NA
577,0,NA,NA
577,0,NA,NA
577,0,NA,NA
577,0,NA,NA
577,0,NA,NA
577,0,NA,NA
577,0,NA,NA
577,0,1788307200,NA
577,3311,1684294000,1748968000
577,3311,1754956800,NA
577,3371,1686773200,1748968000
577,3371,1755097300,NA
577,3515,1694995700,1715774500
577,3515,1716236200,NA
577,3522,1695276000,NA
577,3855,1693929600,1714564900
577,3855,1716393900,NA
577,3893,1718198700,NA
577,4015,1724947200,NA
577,4028,1725552000,NA
577,4105,1730103700,NA
577,4374,1744383600,NA
577,4408,1730480400,NA
577,4506,1756166400,NA
577,4636,1755184000,NA
577,4648,1755732900,NA
577,4654,1755790500,NA
577,4660,1756080000,NA
577,4755,1759968000,NA
577,5258,1780444800,NA
577,5412,1785257900,NA
577,5421,1785345900,NA
577,5442,1786406400,NA
577,5444,1786492800,NA
577,5458,1786979600,NA
577,5460,1787097600,NA
577,5465,1787616000,NA
580,0,NA,NA
580,3061,1666648800,NA
580,3230,1680625700,1744588800
580,3852,1715644800,1718928600
580,3852,1720397400,1741119900
580,4258,1741120000,1743375000
580,4258,1744747300,1744747300
580,4258,1744747300,NA
582,2980,1668790800,NA
583,1423,1669738200,1715091600
583,3796,1715091600,NA
584,3085,1669052500,NA
586,3571,1724068900,NA
586,3651,1727222400,NA
586,4846,1777579300,NA
587,0,NA,NA
587,2499,1599782400,1703030400
587,2499,1777478400,NA
587,3316,1684425600,1701605800
587,3316,1761135400,NA
587,4326,1777550300,NA
587,4469,1777559600,NA
587,4804,1761235200,NA
587,4808,1761309400,NA
587,5208,1761220900,NA
588,0,NA,NA
588,3068,1681415000,1682460000
588,3068,1682460000,1694016900
588,3068,1708625200,1761248400
588,3068,1761248400,1762267100
588,3087,1669215900,1670873000
588,3087,1670873000,1670873100
588,3087,1670873100,NA
588,3487,1684887300,1684890600
588,3487,1684890800,1684892500
588,3487,1684892500,1684893200
588,3487,1684893400,1684896000
588,3487,1684927400,1684928100
588,3487,1684928100,1684928800
588,3487,1694020500,1708624800
588,3487,1762180500,1762180600
588,3487,1762180600,NA
588,3716,1708111100,1708626300
588,3716,1708633900,1727448200
588,3846,1708011900,1708031400
588,3846,1708031400,1708110800
588,3846,1708110800,1708111100
588,3848,1712341100,NA
588,4095,1729533600,1757968900
588,4095,1757969000,NA
588,4234,1757446100,NA
588,5035,1782145800,NA
588,5038,1784134800,NA
588,5066,1786215600,NA
588,5077,1774987300,NA
588,5095,1782410400,NA
588,5096,1784228400,NA
588,5098,1782325800,NA
588,5099,1782241200,NA
588,5110,1779125400,NA
588,5125,1784304000,NA
588,5126,1783699200,NA
590,0,NA,NA
591,2845,1656395500,NA
593,3260,1712016000,1730246400
593,3260,1745935200,NA
593,3869,1716508800,1730246400
593,3869,1745330400,NA
598,3097,1670803200,NA
599,2023,1602691300,1675335600
599,2023,1675335600,NA
601,2808,1744718300,1781697500
601,2808,1781697500,NA
601,2907,1714606200,NA
601,2966,1737691100,NA
601,3103,1746108000,NA
601,3112,1728504000,NA
601,3212,1678986000,1686167400
601,3212,1686185700,NA
601,3451,1691775000,NA
601,3501,1702073700,NA
601,3631,1701451800,1728504000
601,3632,1701464400,NA
601,3682,1706718600,NA
601,3700,1708108200,NA
601,3747,1710910800,NA
601,3748,1710997200,NA
601,3762,1711656000,NA
601,3769,1714519800,NA
601,3838,1715706000,NA
601,3850,1715792400,NA
601,4131,1704886100,1730836700
601,4187,1733090400,NA
601,4188,1733004000,NA
601,4223,1744383600,NA
601,4459,1744729200,1781697500
601,4491,1730836700,NA
602,0,NA,NA
602,3518,1729255000,1750011900
602,4225,1718167700,1750011900
602,4225,1750011900,NA
602,4517,1750011900,NA
603,3657,1682438000,NA
603,3658,1682435000,NA
605,1839,1538438400,1721191800
605,1839,1755631500,NA
610,1909,1678742400,1747666800
610,1909,1747666800,1747667000
610,2113,1747667000,1770818400
610,3186,1678657900,1770825600
610,3359,1678640300,1770973200
610,3361,1678633700,NA
610,3362,1678652400,1755010800
610,3362,1755010800,1770833700
610,3362,1770925800,NA
610,3363,1678715100,1721148300
610,3363,1740592400,1770744600
610,3363,1770995700,NA
610,3364,1678717800,1712746800
610,3364,1721148300,1770737400
610,3365,1678630000,NA
610,3366,1678646900,1770839400
610,3367,1678720500,1746116900
610,3367,1746117000,1770751700
610,3497,1684873900,1712746800
610,3497,1712746800,1770759000
610,3808,1712746800,1740592400
612,3284,1686334100,1687290000
612,3284,1687290000,1693000100
612,3284,1714080500,1746635100
612,3284,1746635100,1761870200
612,3376,1687306600,1688591500
612,3376,1688591900,1.693e+09
612,3376,1715367200,1726012800
614,3193,1678975200,1702209500
614,3199,1679047200,1702209500
614,3208,1679320800,1679323900
614,3208,1679323900,1702209500
614,3211,1679306400,1702209500
614,3259,1681563600,1702209500
615,3380,1687392000,NA
616,0,NA,NA
616,3246,1680788500,NA
617,3184,1681970800,1682457700
617,3194,NA,NA
617,3198,NA,NA
618,3147,NA,NA
618,3947,1719844600,1720721400
618,3947,1720721500,1722308400
618,3947,1722527000,1723123300
618,3947,1723123300,1723718500
618,3947,1723718500,1723893200
618,3947,1723893200,NA
620,1526,1772219600,NA
620,2596,1737461900,NA
622,0,1758068100,1760544300
622,1507,1682650600,NA
622,3271,1681736400,NA
622,3387,NA,NA
622,3432,1682953200,NA
622,3638,1702305900,1716681600
622,3679,1706716800,1718023800
622,3680,1706716800,1717426200
622,3681,1706716800,1717430500
622,3768,1712076900,NA
622,3872,NA,NA
622,3985,1723593600,NA
622,4218,NA,NA
622,4249,1740700800,1776629100
622,4249,1776630800,NA
622,4294,1741780700,NA
622,4418,1746235500,NA
622,4587,1745511300,NA
622,4673,NA,NA
622,4767,1745364600,NA
623,3319,1684513300,NA
623,3506,1694365200,NA
625,3016,1679529600,NA
626,3166,1677110400,NA
627,2961,1709846400,NA
627,3220,1677680900,1677717500
627,4412,1740355200,NA
628,3288,1679761000,NA
630,1231,1711998000,NA
630,3233,1680281500,1711994400
631,2197,1680307200,NA
632,748,1717712100,1730056100
632,748,1746824200,NA
632,753,NA,NA
632,755,1717712100,1717764500
632,759,1750272800,NA
632,4160,1719405300,NA
636,3321,1684454400,NA
636,3557,1697318100,NA
636,3809,1714322700,NA
636,4317,1742688000,NA
636,4646,1755388800,NA
637,3298,1680796900,NA
637,3539,1691539200,NA
637,3566,1689811200,NA
638,0,1786117500,NA
638,3402,1689003000,NA
638,3422,1724256000,NA
638,3458,1692259200,1753908600
638,3494,1694077200,NA
638,3999,1724162400,NA
638,4614,1753892600,NA
638,4689,1753982500,NA
638,4746,1753912800,NA
639,0,NA,NA
639,3273,1682709000,NA
639,3813,1714574800,1718301300
639,3892,1718295700,NA
640,2714,1681939100,NA
640,3289,1682812800,NA
641,1360,1685224400,1695067100
641,1786,1685203200,1685203200
641,1786,1685296800,1695074400
641,1788,1685118300,1695322800
641,1790,1685111800,1695214800
642,3268,1682445600,NA
643,3350,1685642400,1687109400
644,3136,1682985600,NA
648,3532,1694010600,NA
648,3533,1692100400,NA
648,3534,1694442600,1731574800
648,3534,1732212000,NA
648,3535,1693836000,1707472400
648,3536,1693848600,NA
651,2497,1711047600,1739035000
651,3491,1694044800,1694048400
651,3491,1694048400,NA
651,3550,1696975200,1698444000
651,3550,1708303200,NA
651,3552,1697050800,1698430800
651,3552,1708295400,NA
652,3465,1663632000,1720083300
652,3465,1720083300,1720099800
652,3465,1720099800,NA
653,0,1684797700,1684797800
653,1338,1684355500,1702405800
653,1509,1684513700,NA
653,1510,1684627200,NA
653,1985,1684607400,NA
653,2247,1687924200,1695236200
653,3388,1684713600,1708545800
653,3389,1684454400,1708535700
653,3401,1684797700,1709140600
655,3345,1684328400,NA
655,3439,1715558400,NA
655,3829,1684260000,NA
657,3305,1694044800,NA
658,3333,1686273300,1707165400
658,3333,1707165600,NA
660,3331,1685047400,NA
661,3395,1717429800,1728518400
661,3395,1750377600,1758311000
661,3395,1777474000,NA
661,3884,1715100300,1730332800
661,3884,1749038300,1757610000
661,3884,1777319000,NA
661,3885,1715786000,1730332800
661,3885,1745971200,1760557400
661,3885,1775606400,NA
661,3926,1717097300,1727442000
661,3926,1750665600,1760557400
661,3926,1771518700,1776973300
661,3926,1780657200,NA
662,1885,1685543800,NA
663,1731,1725750000,NA
663,3188,1722363600,NA
665,3496,1686746600,1748977200
665,3496,1748977200,NA
668,0,1700006400,1716577900
668,3179,1688462100,NA
668,3180,1711998700,NA
669,3360,1687478300,1698266100
669,3360,1698266100,1720712100
669,3360,1731564000,1776372900
669,3360,1776373600,NA
670,4177,1736264700,1740125200
670,4303,1747749600,1764943200
670,4303,1764943200,NA
671,3428,1688652000,1721484900
671,3428,1769090400,NA
671,3434,1690984800,NA
678,0,NA,NA
678,0,NA,NA
678,0,NA,NA
678,0,1709251200,1709403300
678,0,1709251200,1709404200
678,0,1709489700,1709568100
678,477,1709424000,1709510400
678,477,1710873000,NA
678,479,1711152000,NA
678,698,1709596800,1709683200
678,698,1710864100,NA
681,3709,1708723100,1708724200
681,3709,1708724200,1708724200
681,3709,1708724200,1709692900
681,3709,1709692900,NA
681,5164,1776942000,NA
681,5216,1778021600,NA
681,5230,1778797700,NA
682,3767,1711615200,1716699600
682,3767,1741046400,NA
682,4301,1741046400,NA
682,4346,1742083200,1780272000
683,0,NA,NA
683,3760,1709138300,1710954000
683,3760,1711470000,1759345400
683,3760,1759345400,NA
684,3447,NA,NA
685,3624,1693928800,NA
687,3474,1693260000,NA
687,4025,1726261200,NA
688,2972,1694779100,NA
688,3546,1696291200,NA
688,3563,1697546100,NA
688,3565,1697634000,NA
688,3611,1717725600,1750289400
688,3611,1750289400,1750368800
688,3611,1750368800,NA
688,4043,1726790400,NA
688,4124,1731024000,NA
688,4134,1731456000,1731467400
688,4134,1731467400,NA
688,4256,1741125600,NA
689,3393,1694005800,NA
689,3394,1692979200,NA
690,2724,1758981600,NA
690,5181,1783962000,NA
690,5182,1783692000,NA
690,5183,1783612800,NA
690,5186,1783872000,NA
690,5187,1784038500,NA
690,5189,1783774800,NA
692,0,1698858000,1699297500
692,3593,1699297500,NA
694,3708,1706652000,NA
694,4025,1726261200,1726261200
695,3521,1695286800,NA
697,1231,1546905600,1615334400
697,2133,1615248000,NA
698,3614,1696626300,NA
700,3019,NA,NA
700,3547,1696834800,NA
700,4236,NA,NA
700,4237,NA,NA
700,4238,1755712800,1755993600
700,4245,1741906800,1755712800
700,4246,1743465600,NA
701,3695,1707603200,NA
702,3569,1697760000,1702857600
702,3569,1702857600,NA
703,3568,1697673600,1698278400
703,3568,1698278400,NA
704,2085,1667174400,1745250300
704,2085,1745250300,NA
705,3590,1698710400,NA
707,3865,1699024800,NA
714,2182,1668358300,NA
716,2685,NA,NA
717,2469,1651017600,NA
717,3475,1689552000,NA
717,3629,1701043200,NA
718,3666,1702857600,NA
718,3722,1709856000,1726068700
718,4036,1726068700,1728771700
718,4087,1728771700,NA
719,3637,1700845200,1702562400
719,3637,1702562400,1768316400
719,3637,1768316400,NA
721,3776,1698969600,NA
722,174,1463068800,1657929600
722,194,1507050000,1601395200
722,194,1601395500,1623284700
722,293,1542931200,1622246400
722,2059,1600732800,1630683900
722,2112,1623196800,1630072600
722,2169,1603411200,1700780400
722,2256,1622160000,NA
722,2445,1630067500,1697212800
722,2445,1697212800,NA
722,2587,1637884800,1711324800
722,2607,1630683900,1687702300
722,3053,1666828800,NA
722,3312,1687737600,NA
722,3549,1700701300,1718373000
722,3549,1718373000,NA
722,3756,1711324800,NA
723,0,1746547200,1746547200
723,333,1718839800,1746547200
723,3119,1746547200,NA
723,3740,1718911700,1750854900
723,3864,1714508400,NA
723,3917,1718899200,NA
723,3967,1717718400,NA
724,3630,1701302400,NA
726,2160,1677698400,1701849600
726,2160,1701849600,NA
728,180,1629072000,1629633500
728,856,1494318600,1498742400
728,856,1525132800,1531180800
728,856,1554940800,1605916800
728,2649,1646854800,NA
728,3476,1707330600,NA
728,3656,1713451400,1724337500
728,3807,1709730000,NA
728,4024,1724337500,1728310900
728,4079,1728302300,NA
728,4189,1767729700,1768522100
728,4577,1752706800,1756299600
728,4577,1763848800,1763848800
728,4577,1763849000,NA
728,4713,1758409200,NA
728,4908,1766084400,NA
728,4917,1767729700,NA
728,4929,1768503600,NA
730,5375,NA,NA
733,0,1765360800,1765472400
733,3688,1706808000,1710149600
733,3688,1710149600,1712070500
733,3688,1712070500,1712680300
733,3688,1712680300,1712930800
733,3688,1712930800,NA
736,2806,NA,NA
737,0,1787572700,NA
737,2193,1703682300,NA
739,4544,1750896000,NA
740,0,1705266000,NA
742,3664,1705579300,NA
743,0,NA,NA
743,3672,1706335700,NA
744,4344,1754611200,NA
744,4345,1748563200,NA
745,5061,1774360800,NA
746,2105,1706659200,NA
746,3170,1770120000,NA
748,0,NA,NA
748,2696,1779976800,NA
748,4259,1763730000,NA
748,4609,1759168800,NA
748,4657,1755897300,NA
748,4741,NA,NA
748,4787,1775757300,NA
748,4789,1775768700,NA
748,4790,1775760300,NA
748,4937,1775765800,NA
748,5019,1775743200,NA
748,5031,1775752800,NA
748,5032,1775743200,NA
748,5033,1775748900,NA
748,5054,1774395000,NA
748,5062,1774467800,NA
748,5071,1774552400,NA
748,5073,1774645200,NA
748,5074,1774731600,NA
748,5075,1774904400,NA
748,5082,1774299600,NA
749,4462,1747936800,NA
750,1816,NA,NA
750,1867,1758638700,NA
750,2320,1758574800,NA
750,3158,1758725600,NA
750,3194,1758549600,1759780600
750,3195,1758556800,NA
750,3196,1758556800,NA
750,3974,1723379100,1734393600
750,3976,1723488900,1734436900
750,3976,1756209700,1757948000
750,3977,1723505700,1728579000
750,3977,1728579000,1734436900
750,3977,1756209700,1757944800
750,3980,1723566800,1734436900
750,3980,1756209700,1757944800
750,3981,1723575300,1734436900
750,3981,1756209700,1757944800
750,3982,1716940800,1734436900
750,3982,1756209700,1757944800
750,4322,1756249200,1757947500
750,4375,1760039800,NA
751,0,NA,NA
751,3901,1718740700,NA
751,4030,1725987600,1747684900
751,4030,1748979000,1756892700
751,4030,1775066400,NA
751,4091,1729108700,1747083600
751,4091,1747083600,1747236600
751,4091,1748553600,NA
751,4190,1763589600,NA
751,4442,1747236600,NA
752,3054,1708041600,NA
753,922,1722295800,NA
753,927,1718971100,1720742400
753,1102,1718971100,1720569600
753,4239,1739505700,1748102400
753,4239,1749855600,NA
753,4240,1739505700,1748102400
753,4241,1738296000,1748102400
753,4242,1738296000,1748102400
753,4243,1738296000,1748102400
756,0,1724302000,1725118500
756,0,1757635200,1759093400
756,0,1780955600,1783213200
756,0,1781027700,1783198800
756,0,1781028600,1781028700
756,0,1781031800,1783198800
756,0,1781035900,1783198800
756,1376,1781028600,1783198800
756,1722,1781029400,1783198800
756,1883,1780958000,1783213200
756,2329,1780956900,1783213200
756,2796,1781026600,1783198800
756,2798,1780943000,1783213200
756,2799,1780943000,1783213200
756,2800,1780958100,1783213200
756,3322,1781034000,1783198800
756,3341,1780949200,1783213200
756,3348,1781030300,1783198800
756,3353,1780958000,1783213200
756,3396,1724370600,1725118300
756,3396,1757376000,1759017600
756,4002,1724368400,1725118200
756,4002,1757462400,1759093400
756,4003,1724252400,1725118300
756,4003,1757376000,1759093400
758,0,NA,NA
758,625,1458662400,1504727000
758,625,1507228700,1612872000
758,859,1488998100,1504796400
758,859,1507223300,1696831200
758,863,1645131600,1663664400
758,863,1726875000,1753785000
758,1070,1520112300,1567036800
758,1070,1616371200,1651878000
758,1240,1783972900,NA
758,3036,1709323300,NA
758,3638,1721406600,NA
758,3679,1718132400,NA
758,3680,1717606800,NA
758,3681,1717758000,1724850300
758,3681,1775504600,NA
758,3791,1718211600,NA
758,3792,1712947500,1756217100
758,3792,1785945600,NA
758,3811,1714406400,1757360400
758,3811,1775242800,NA
758,3890,1715886000,NA
758,3995,1724862600,NA
758,4054,1724794200,NA
758,4130,1772296200,NA
758,4152,1722366000,NA
758,4159,1734192000,NA
758,4161,1734373200,NA
758,4162,1734476400,NA
758,4209,1757608200,NA
758,4470,1748466000,NA
758,4477,1748802600,NA
758,4482,1748959200,1748959200
758,4496,1749160000,NA
758,4505,1775152800,NA
758,4515,1749668400,NA
758,4532,1749585700,1749585700
758,4603,1753803000,NA
758,4662,1756229800,NA
758,4664,1755108000,NA
758,4685,1757360400,NA
758,4695,1757698200,NA
758,4739,1759158000,NA
758,4751,1775840400,NA
758,4756,1772651600,NA
758,4795,1753717500,NA
758,4858,1763740800,NA
758,4907,1765983600,NA
758,4941,1769547600,NA
758,4942,1769620500,NA
758,4944,1769716700,NA
758,4946,1772224300,NA
758,4964,1748372400,NA
758,4975,1771965000,NA
758,4990,1772308700,NA
758,5097,1786035600,NA
758,5100,1777573800,NA
758,5101,1778952600,NA
758,5102,1778866200,NA
758,5103,1779208200,NA
758,5129,1775782800,NA
759,3789,1711571800,NA
760,3757,1715731200,1729006200
760,3757,1745605100,1760529700
760,3757,1778846500,NA
760,3775,1715731200,1729004400
760,3775,1745009400,1760529700
760,3778,1715731200,1729004400
760,3778,1745605400,1760529700
760,3778,1778846500,NA
760,3780,1715731200,1729004400
760,3780,1746139500,1760529700
760,3780,1778846500,NA
760,3781,1715731200,1729004400
760,3781,1744761600,1760529700
760,3781,1778846500,NA
760,3786,1715731200,1729004400
760,3786,1744761600,1760486400
760,3786,1778803200,NA
760,3819,1715731200,1729004400
760,3819,1745007100,1760529700
760,3819,1778846500,NA
760,3822,NA,NA
760,3839,NA,NA
760,4425,1748347100,1760486400
760,4425,1778803200,NA
760,5107,1778846500,NA
760,5289,1781674000,NA
761,0,NA,NA
761,3084,1668544300,1755104600
761,3084,1755104600,NA
761,3241,1756944000,NA
761,3876,1717799800,1757692800
761,3876,1758124800,NA
761,5372,1784314800,NA
762,3650,1711133300,1722958500
762,3650,1722958500,1730223200
762,3650,1730223200,1757942400
762,3650,1758097200,NA
764,2396,1717725600,NA
764,3024,1780338400,1780941000
764,3160,1717632000,1742492300
764,3293,1780941000,NA
764,4309,1742432400,1780338400
767,1903,1711127000,NA
768,3895,1720137600,NA
769,3667,1712349400,NA
773,3773,1712667600,NA
775,3774,1755216000,NA
775,3798,1713484800,NA
775,4366,1743472300,NA
775,4708,1757556900,NA
776,3691,1720008000,NA
776,4818,1761580800,NA
776,5279,1780495200,NA
776,5280,1780484400,NA
776,5347,1780498800,NA
777,2079,1585526400,1711827200
777,2079,1.712e+09,NA
778,3788,1713272400,NA
779,3466,1715366100,NA
779,3833,1715162400,NA
779,3841,1715369200,NA
779,4047,1726761300,NA
780,3802,1707862400,1709655900
780,3802,1709656000,1714867200
780,3802,1714867200,1770415200
780,3802,1770415200,NA
781,3773,NA,NA
781,3795,1713445200,NA
783,2819,1717977600,NA
783,3916,1719427200,1734825500
783,4388,1745259600,NA
804,3258,1716918300,1717027199
807,3175,NA,NA
807,4823,NA,NA
812,4806,1762046100,NA
813,0,NA,NA
813,4145,1744054000,NA
816,3823,1714564900,1749395700
816,3823,1749395700,NA
816,3824,1714755600,NA
816,3825,1714665600,NA
816,4509,1749241700,NA
817,3837,1715183600,NA
818,3528,1719738000,1719741599
818,3842,1715333400,NA
819,3643,1713351600,NA
819,4725,1771617500,NA
821,3853,1715807900,1766781700
821,4738,1766781700,NA
824,3663,1718130800,NA
829,2114,1717142400,NA
829,3528,1719741600,1719956000
830,4192,1737448000,1738324100
830,4192,1738324100,1747686800
830,4192,1753098500,1753107700
830,4192,1753107800,1753108900
830,4192,1753109100,1754573300
830,4192,1755603000,1756285400
830,4192,1756414000,1756446700
830,4192,1757665000,NA
830,4448,1747609600,1747659800
830,4448,1753452200,1760436000
830,4448,1778652000,NA
830,4584,1754045400,NA
830,4605,1753876700,1754362500
830,4605,1754662800,1760529700
830,4605,1778592600,NA
830,4638,1755257300,NA
830,4655,1755777500,1760522400
830,4655,1778673700,NA
830,4668,1756297200,1756812900
830,4668,1779306900,1779306900
830,4668,1779307300,1779342800
830,4668,1779351700,1787305300
830,4748,1756814100,1760608800
830,4748,1778583600,1779351300
830,4748,1779351400,1779393500
830,4748,1780896600,1780920400
830,4748,1787305300,NA
832,0,1745452800,1746079600
832,0,1746425200,1746436400
832,3920,1719576000,NA
832,4013,1722445200,1755161900
832,4013,1755176300,1756211300
832,4013,1756211300,1756211600
832,4013,1756211600,NA
832,4438,1745831600,1747363700
832,4438,1747386800,1747932700
832,4438,1747932700,1747933200
832,4438,1747933200,1747940400
832,4438,1747940400,1753236000
832,4438,1753236000,1754794200
832,4438,1754797800,NA
834,4300,1741953500,1754571600
834,4500,1748390400,1754438400
834,4501,NA,NA
836,1303,1753677700,NA
840,3931,1719341400,NA
840,4530,1738580400,NA
841,3905,1719187200,1725926400
841,3905,1725984000,1784644500
841,3921,1719601500,NA
841,4429,1748012400,1752705000
841,4432,1747180800,1748964400
841,4436,1747008000,1749133800
841,4436,1749135200,1752152300
841,4436,1779125100,1784644400
841,4446,1747353600,NA
841,5188,1779978600,1784644500
841,5224,1778841500,1779984000
843,2289,1719964800,NA
843,3787,1719360000,NA
843,4386,1744828900,NA
843,4535,1750723200,1753315200
843,4535,1753344000,NA
850,0,1732892400,NA
850,0,1767709000,NA
850,0,1783353600,NA
852,4117,1721418000,NA
854,3903,1718977200,NA
854,3908,1719070800,1724576400
854,3908,1744189200,NA
854,4004,1724465400,NA
854,4005,1724554600,NA
854,4368,1744221600,NA
854,4369,1744292400,NA
855,3416,1690848000,NA
855,3423,1690848000,NA
856,0,NA,NA
856,0,NA,NA
856,0,NA,NA
856,0,NA,NA
856,0,NA,NA
856,0,NA,NA
856,0,NA,NA
856,0,NA,NA
856,0,NA,NA
856,0,NA,NA
856,0,NA,NA
856,0,NA,NA
856,0,NA,NA
856,0,NA,NA
856,0,NA,NA
856,0,NA,NA
856,0,NA,NA
856,0,NA,NA
856,0,NA,NA
856,0,NA,NA
856,3840,NA,NA
856,3875,NA,NA
856,3886,NA,NA
856,3896,1763503200,NA
856,3914,NA,NA
856,4071,1780768800,NA
856,4092,NA,NA
856,4112,1781290800,NA
856,4269,1741390200,NA
856,4271,1741476600,NA
856,4287,1741554000,NA
856,4290,1741644000,NA
856,4315,1742673900,NA
856,4320,1742621400,1742686000
856,4320,1742922000,NA
856,4457,1747759100,1749593200
856,4520,1750026600,1750027500
856,4520,1750287600,NA
856,4525,1750435200,1781661600
856,4525,1781662200,NA
856,4526,1750644000,1781730000
856,4526,1781730600,NA
856,4541,1758027600,1781809200
856,4541,1781809800,NA
856,4546,1758114000,NA
856,4550,1750104000,1781474400
856,4550,1781475000,NA
856,4854,1763589600,NA
856,4857,1763748000,NA
856,4860,1763931600,NA
856,5281,1780855200,NA
856,5286,1781028000,NA
856,5300,1781060400,NA
856,5304,1781204400,NA
856,5338,1781625600,NA
857,4029,1726083000,1776466800
857,4029,1776467700,NA
857,4422,1746582300,NA
857,4435,1746879100,NA
857,4449,1746736100,1776553300
857,4449,1776553600,NA
858,0,NA,NA
858,4327,1724025600,1729123200
858,4327,1755129600,1760349600
858,4328,1723766400,1729123200
858,4328,1755043200,1760572800
858,4329,1755561600,1759881600
858,4330,1724198400,1729123200
858,4330,1755734400,1759968000
858,4331,1726531200,1729036800
858,4331,1756252800,1759795200
858,4332,1723680000,1729036800
858,4332,1757894400,1758844800
858,4333,1727654400,1728950400
858,4334,1727654400,1728432000
858,4335,1727308800,1728950400
858,4336,1727827200,1728950400
858,4336,1757894400,1760572800
858,4337,1727654400,1728950400
858,4337,1757548800,1760486400
858,4502,1758758400,1760313600
858,4783,1755475200,1758758400
858,4783,1758844800,1760400000
858,4784,1757548800,1760486400
859,3958,1723161600,NA
860,3973,1723248000,NA
860,4009,1724846300,1783382400
862,4031,1725975400,NA
862,4656,1755820800,NA
865,3171,1695895200,1695942000
867,3932,1720526300,NA
868,3996,1724266100,NA
871,0,1723648300,NA
871,0,1732099200,NA
873,4413,1745452800,NA
874,1159,1538481700,1544745600
874,1159,1553943600,1576224000
874,3997,1724313600,1724328000
874,3998,1724326300,1724333600
874,3998,1765374000,1773129600
874,3998,1773136800,NA
875,0,1749567600,1749569400
875,529,1748698200,NA
875,4508,1748016000,NA
875,4572,1749569400,NA
876,3567,1726879700,NA
876,3746,1752760800,NA
876,4042,1726750800,NA
876,4050,1726965600,NA
876,4052,1727128800,NA
876,4057,1727287200,NA
876,4060,1727376000,NA
876,4064,1727481000,1753363500
876,4235,1753306200,NA
876,4379,1744827100,NA
876,4383,1744905600,NA
876,4405,1745683200,NA
876,4407,1745019000,NA
876,4570,1753205400,NA
876,4580,1752865200,NA
876,4581,1752953300,NA
876,4582,1753048800,NA
876,4592,1753363800,NA
876,5063,1751263200,NA
877,3743,1779982200,NA
877,4667,1756339200,NA
877,4966,1771459200,NA
877,5159,1777939200,NA
880,4103,1729621500,1735678800
880,4103,1751140900,1761317600
880,4103,1781888400,NA
880,4104,1751482800,1759330800
880,4104,1759364700,NA
880,4111,1736401800,1744575200
880,4111,1751403600,1751403600
880,4111,1751403800,1758726900
880,4111,1782234000,NA
882,2274,1728414600,1746709200
882,2276,1728572400,1763636400
887,3983,1723708800,NA
889,0,1785352400,NA
889,4065,1726256100,1726258600
889,4065,1727295400,1778284800
889,4780,1779958800,1785344600
890,4037,1718064000,1718841600
890,4037,1727027600,1740838700
890,4037,1742653000,NA
891,4099,1726687900,NA
892,4393,1746608400,1757430000
892,4393,1773820800,1774382300
892,4393,1774429200,1775552400
892,4393,1775649500,NA
892,4410,1746435600,1757343600
892,4410,1773820800,1774382300
892,4410,1774612700,NA
892,4411,1746522000,1757516400
892,4411,1773820800,1774382300
892,4411,1774526500,NA
893,3944,1726923600,1765800000
893,3944,1770407000,NA
895,1757,1727395200,1729897500
895,1757,1729897500,NA
895,4788,1758748900,NA
895,4803,1761167900,NA
895,4821,1758496300,NA
896,0,1777669800,NA
896,0,1779205800,NA
896,0,1785888000,NA
896,0,1785974400,NA
896,0,1786406400,NA
896,0,1786635400,NA
896,4067,1727481600,1729277700
896,4762,1758908300,NA
896,4770,1759349100,NA
896,4788,NA,NA
896,4803,NA,NA
896,4812,1761686800,NA
896,4813,1761611900,NA
896,4821,NA,NA
896,4838,1746620400,1761839400
896,4839,1745423500,1758506000
896,4890,1758506000,1777669500
896,5251,1778712600,NA
896,5374,1780963200,NA
896,5377,1780617600,NA
896,5447,1783634000,NA
897,4540,1732147200,NA
898,4253,1743958700,NA
898,4265,1743964200,NA
899,2097,1744659000,NA
905,0,NA,NA
905,0,NA,NA
905,4100,1729551600,1732242000
905,4100,1775390500,NA
905,5083,1774975700,1775001600
905,5083,1775059200,NA
908,3654,1733408100,1754956800
908,3654,1754982000,NA
908,4113,1731024000,1752019200
908,4113,1752019200,1754956800
908,4113,1754981900,NA
909,4166,1734638300,NA
910,4129,1731348000,NA
913,4148,1729604400,1729897200
913,4148,1729900800,1730156400
913,4148,1730160000,1741302000
913,4148,1741305600,1767916800
914,5437,1756695600,1758816000
914,5437,1758816000,1758841200
914,5437,1758841200,1759852800
914,5437,1759896000,1761969700
916,3574,1761692400,NA
916,5310,1776772900,NA
920,4168,1735430400,1760112000
920,4168,1760112000,1777680000
920,4168,1777680000,1782494200
920,5419,1782494200,NA
921,4157,1734118100,NA
922,3150,1722470400,NA
923,3046,1742385700,NA
923,3297,1732665600,NA
923,4307,1741305600,1742385500
923,4307,1742385700,1742385700
923,4354,1660578300,1730419200
924,2049,1736866800,NA
926,4370,1743537700,1776699000
926,4371,1743525000,1776715300
926,5220,1776681000,NA
926,5231,1785801600,NA
926,5240,1785801600,NA
926,5257,1776699300,NA
927,0,NA,NA
927,1184,1747396200,1752684900
927,1185,1779987000,1784570400
927,1307,1747675800,1752688300
927,1307,1779809400,1784570400
927,1313,1747390700,1752680100
927,1315,1779815400,1784570400
927,1354,1747685800,1752690300
927,1397,1747417500,1752686000
927,1397,1779817200,1784570400
927,1398,1747684000,1751994800
927,1398,1779820200,1784570400
927,1400,1779823700,1784570400
927,1401,1747682000,1752687100
927,1401,1779809400,1784570400
927,1402,1747937200,1752682200
927,1402,1779804000,1784570400
927,2797,NA,NA
928,0,1778716800,NA
928,1099,1742649200,NA
928,5138,1771952600,NA
928,5147,1769088600,NA
928,5149,1769778000,NA
929,4729,1762823800,NA
929,4732,1763063000,NA
929,4809,1762301600,NA
929,4811,1762379400,NA
929,5363,1784120700,NA
929,5371,1784251000,NA
931,3822,1715731200,NA
931,3839,1715731200,NA
932,3243,1696896000,NA
934,4310,1742428800,1749999600
934,4310,1750104000,NA
934,4318,1774310400,NA
934,4495,1742407200,NA
934,4527,1749906000,NA
934,5221,1774742400,1774742400
934,5259,1774742400,NA
939,2484,1714151600,NA
941,4437,1744407300,NA
942,4182,1739923200,NA
942,4191,1740441600,NA
943,4215,1740391200,NA
944,4865,1765998800,NA
946,0,NA,NA
946,0,NA,NA
946,0,NA,NA
946,0,NA,NA
946,0,NA,NA
946,0,NA,NA
946,0,NA,NA
946,0,NA,NA
946,0,NA,NA
946,3703,NA,NA
947,4347,1743444900,NA
949,4261,1741288600,NA
950,2386,1741123200,1757713500
950,2386,1773273900,1774546000
950,2386,1775582800,NA
950,4696,1756249200,NA
950,5345,1784160000,NA
951,4702,1756737500,1761756200
951,4702,1761756200,NA
951,4772,1759416300,NA
951,4778,1759941800,NA
954,4302,1742137600,NA
957,4365,1742406300,1767718800
957,4365,1767718800,1767718900
957,4365,1767718900,1767719000
957,4365,1767719000,1767719000
957,4365,1767719000,NA
957,4589,1752699600,1753884000
957,4589,1753887600,1764938600
957,4754,1760032800,NA
957,4757,1759784400,NA
957,4874,1768422700,NA
957,4940,1766163600,1768402800
959,4220,1752836400,NA
959,4552,1751994000,NA
959,4578,1752764400,NA
959,4604,1753804800,1779795600
959,4621,1754312400,NA
959,4935,1753455600,NA
959,5139,1779796700,NA
961,2143,1742958700,NA
964,4348,1743609600,NA
965,4716,1764708000,NA
965,4717,1764103200,NA
965,4718,1762990200,NA
966,0,1743465600,1743501600
966,4397,1743501600,NA
967,4960,1759104000,NA
971,4987,1772306300,1776026600
971,4987,1776026600,1776256500
971,4987,1776256500,NA
973,4400,1744685600,NA
974,4547,1751049000,NA
974,4741,1759266000,NA
974,5243,1779390000,NA
975,4450,1747224000,1747242500
975,4450,1747329400,1757958900
975,5398,1757958800,NA
980,499,1463011200,1505779200
980,499,1505779200,1577923200
980,501,1401321600,1415577600
980,2514,1633635500,NA
980,4417,1746106500,NA
982,4430,1746735500,NA
983,4443,1746639000,1746643800
983,4443,1747231200,NA
984,4227,1747699200,NA
989,4740,1759265500,NA
992,4475,1748908800,NA
995,0,NA,NA
995,72,1783686000,NA
995,185,1784716500,NA
996,3863,1751328000,1751331600
996,3863,1751331600,1751455000
996,3863,1751455000,NA
996,4266,1749632800,1751451000
996,4266,1751457800,1751459199
996,4516,1749740700,1749740800
996,4516,1756512000,NA
997,4482,1748959500,NA
998,1432,1751828700,1753293000
998,1432,1773160000,1777570200
998,1432,1777578000,NA
999,4082,1745949600,NA
1000,2274,1756890000,1761750000
1000,2274,1785520900,NA
1001,0,1749168000,1749585700
1001,4503,1749590800,NA
1001,4511,1749592200,NA
1001,4521,1750809600,NA
1001,4566,1752098600,NA
1001,4769,1760572800,NA
1003,4519,1750118400,1761955200
1003,4519,1778864400,NA
1004,4534,1750618800,NA
1005,4994,1752589000,NA
1006,4533,1750377600,1750669200
1007,4859,1763926100,NA
1009,4266,1751459200,1751968100
1009,4516,1755129600,1756511999
1016,4565,1752062500,NA
1019,2275,1749776400,NA
1020,0,1780790400,NA
1021,5022,1754142700,NA
1024,4218,1754420000,NA
1024,4611,1753975200,NA
1024,4613,1754077600,NA
1024,4615,1754184600,NA
1024,4618,1722802400,NA
1024,4673,1781194600,NA
1024,4687,1757368400,NA
1024,5288,1760555300,NA
1024,5346,1757456800,1781194600
1030,4825,1785801600,NA
1030,5285,1780012800,NA
1031,4888,1755712500,NA
1038,4739,1756769400,1759805700
1044,3803,1758042400,NA
1045,0,1782748800,1783209600
1045,0,1782760200,1783209600
1045,0,1783814400,1784246400
1045,4752,1758108000,1758286800
1048,1429,NA,NA
1048,1549,NA,NA
1048,1907,NA,NA
1048,2817,NA,NA
1048,3440,NA,NA
1049,4765,1758475600,NA
1052,4707,1759258800,NA
1055,0,1761252600,NA
1055,4764,1758932400,NA
1055,5263,1778518800,NA
1056,0,1787270400,NA
1056,4720,1759276800,1759280400
1056,4720,1759284000,1778457600
1056,4720,1778457900,NA
1056,4880,1776556800,1778457600
1056,4880,1778457900,NA
1057,4777,1759363200,1759428900
1057,4777,1759429400,NA
1060,0,1786378600,NA
1060,4837,1760545400,NA
1060,4965,1761177600,NA
1060,4989,1772656400,NA
1060,5190,1777420800,NA
1060,5227,1778544000,NA
1060,5229,1778861800,NA
1060,5250,1780012800,NA
1060,5441,1786465000,NA
1060,5464,1787662800,NA
1061,4881,1764701300,NA
1065,3940,1761831600,1761912000
1069,4824,1761343200,NA
1070,4519,1762447500,1778864399
1072,5238,1786406400,NA
1078,3229,NA,NA
1078,5331,1784478600,NA
1082,4844,1763326300,NA
1082,4852,1763499900,NA
1083,4887,1764331300,NA
1084,1429,1561939200,1595721600
1084,1549,1568851200,1636824000
1084,1907,1696291200,NA
1084,2817,1695859200,1733952000
1084,3440,1714521600,NA
1085,4897,1764342500,NA
1086,4736,1757964500,NA
1086,4945,1758041100,NA
1087,4752,1764358100,NA
1090,5013,1785266000,NA
1091,2711,NA,NA
1095,1962,1771527600,NA
1096,5076,1774033200,NA
1098,4721,1769115600,NA
1098,4723,1779310200,NA
1100,2968,1662066000,1692450000
1100,3504,1692450000,NA
1104,1817,1769252200,NA
1105,4923,1786665600,NA
1105,5411,1769776300,NA
1111,3262,1770854400,NA
1112,3457,1787875200,1787900200
1112,3457,1787900200,NA
1113,896,1773079800,1773446400
1120,5254,1780617600,NA
1124,4876,1772827100,NA
1125,4866,1774566000,1780502400
1125,4866,1780502400,NA
1125,4869,1774491800,1780509600
1125,4869,1780509700,NA
1125,4870,1774573200,1780509600
1125,4870,1780509700,NA
1125,4871,1774486800,1774491300
1125,4871,1774491600,1774491600
1125,4871,1774491900,1780423200
1125,4871,1780423300,NA
1127,4864,1773429100,NA
1129,5052,1773871200,NA
1130,4742,1773950500,NA
1131,4862,1773878400,NA
1131,5194,1777420800,NA
1132,1922,1618617600,1638824400
1132,2172,1619222400,1652922000
1132,3375,1687506300,NA
1132,3384,1687520400,NA
1133,4834,1774036900,NA
1136,4873,1773773000,NA
1137,5092,1774354400,1774787800
1137,5092,1774787800,NA
1138,5207,1777575600,NA
1139,0,1781553700,NA
1139,0,1781895600,NA
1148,3940,1775673000,NA
1148,5004,1776019600,NA
1148,5008,1776715300,NA
1148,5011,1776279000,NA
1148,5012,1776535900,NA
1148,5131,1775846400,NA
1148,5223,1778250000,NA
1155,4214,1775001600,NA
1156,0,1776203400,NA
1156,5174,1776288600,NA
1156,5379,1781556900,NA
1162,5424,1787165600,NA
1167,5211,1776628700,NA
1170,5034,1788293800,NA
1170,5127,1778716800,NA
1170,5256,1778703500,NA
1174,5219,1777464000,NA
1174,5236,1782137500,NA
1176,5222,1778009600,NA
1179,5262,1779179600,NA
1180,5459,1785715200,NA
1183,0,1780509700,NA
1185,5234,1781695600,NA
1187,3124,NA,NA
1187,5059,1782595600,NA
1187,5069,1782518400,1782595500
1187,5069,1782595500,1782595600
1187,5069,1782596200,NA
1197,5375,1780876800,NA
1203,5298,1781269000,NA
1205,4977,1770681600,NA
1206,5072,NA,NA
1215,2503,1708992000,1724503200
1215,4324,1738108800,1745971200
1215,4390,1739836800,1757268200
1215,4391,1724502800,1740441600
1215,4392,1740441600,NA
1221,0,1784073600,NA
1221,2348,1783987200,NA
1221,5450,1783987200,NA
1221,5452,1784073600,NA
1222,2439,1784160000,NA
1224,0,1784160000,NA
1229,0,1784678400,NA
1230,3093,1784127600,NA
1230,3272,1784210400,NA
1230,5415,1785585700,NA
1230,5420,1784296800,NA
1255,523,1435492200,1435492200
1255,523,1435492400,1435492400
1255,523,1435536000,1445126400
1255,523,1461456000,1466467200
1255,747,1506729600,1627581600
1255,749,1466380800,1506729600
1255,2385,1627597400,NA
1284,0,1786492800,NA
1287,5440,1786532100,NA
1292,5081,1787860700,NA
